"Cod mes","anio","Cod CA","Comunidad Aut","Cod provincia","Provincia","mes","total Dtes Empleo","Dtes Empleo hombre edad < 25","Dtes Empleo hombre edad 25 -45","Dtes Empleo hombre edad >=45","Dtes Empleo mujer edad < 25","Dtes Empleo mujer edad 25 -45","Dtes Empleo mujer edad >=45","Dtes EmpleoAgricultura","Dtes Empleo Industria","Dtes Empleo Construcción","Dtes Empleo Servicios","Dtes Empleo Sin empleo Anterior"
201601,"2016","16","País Vasco","01","Araba/Álava",0,43719,1647,10118,7892,1649,12610,9803,1321,5707,3368,29515,3808
201602,"2016","16","País Vasco","01","Araba/Álava",0,45811,1778,10627,8014,1862,13479,10051,1314,5810,3444,31288,3955
201603,"2016","16","País Vasco","01","Araba/Álava",0,42961,1603,9672,7797,1645,12445,9799,1296,5435,3305,29080,3845
201604,"2016","16","País Vasco","01","Araba/Álava",0,42851,1528,9600,7823,1618,12420,9862,1306,5372,3299,29080,3794
201605,"2016","16","País Vasco","01","Araba/Álava",0,42612,1571,9402,7787,1617,12343,9892,1305,5285,3261,28918,3843
201606,"2016","16","País Vasco","01","Araba/Álava",0,43259,1665,9363,7833,1709,12485,10204,1315,5287,3213,29466,3978
201607,"2016","16","País Vasco","01","Araba/Álava",0,42864,1646,9130,7755,1674,12363,10296,1266,5222,3101,29393,3882
201608,"2016","16","País Vasco","01","Araba/Álava",0,42332,1516,8968,7770,1597,12235,10246,1268,5151,3063,29017,3833
201609,"2016","16","País Vasco","01","Araba/Álava",0,42806,1529,9086,7790,1652,12494,10255,1301,5228,3087,29263,3927
201610,"2016","16","País Vasco","01","Araba/Álava",0,42827,1573,9117,7767,1660,12489,10221,1333,5238,3041,29282,3933
201611,"2016","16","País Vasco","01","Araba/Álava",0,42831,1609,9102,7728,1707,12489,10196,1357,5208,2986,29298,3982
201612,"2016","16","País Vasco","01","Araba/Álava",0,42790,1575,9277,7784,1654,12314,10186,1344,5233,2998,29316,3899
201601,"2016","08","Castilla - La Mancha","02","Albacete",0,55350,2837,9985,10577,2764,14417,14770,6687,6245,4548,33150,4720
201602,"2016","08","Castilla - La Mancha","02","Albacete",0,55589,2862,9919,10667,2753,14536,14852,6985,6168,4511,33178,4747
201603,"2016","08","Castilla - La Mancha","02","Albacete",0,54778,2779,9836,10577,2600,14240,14746,6913,6181,4539,32437,4708
201604,"2016","08","Castilla - La Mancha","02","Albacete",0,52569,2578,9114,10263,2481,13610,14523,6282,6094,4350,31227,4616
201605,"2016","08","Castilla - La Mancha","02","Albacete",0,50205,2412,8430,9621,2386,13083,14273,5495,5891,4170,30081,4568
201606,"2016","08","Castilla - La Mancha","02","Albacete",0,47448,2217,7444,8981,2355,12512,13939,5029,5303,3843,28718,4555
201607,"2016","08","Castilla - La Mancha","02","Albacete",0,47682,2125,7570,8994,2292,12765,13936,5200,5247,3716,29128,4391
201608,"2016","08","Castilla - La Mancha","02","Albacete",0,48415,2150,7877,9241,2287,12872,13988,5495,5469,3818,29367,4266
201609,"2016","08","Castilla - La Mancha","02","Albacete",0,47322,2116,7288,8784,2336,12867,13931,4601,5251,3606,29694,4170
201610,"2016","08","Castilla - La Mancha","02","Albacete",0,49455,2236,8040,9289,2360,13280,14250,5868,5503,3580,30462,4042
201611,"2016","08","Castilla - La Mancha","02","Albacete",0,50655,2274,8266,9426,2411,13618,14660,5781,5573,3564,31721,4016
201612,"2016","08","Castilla - La Mancha","02","Albacete",0,50028,2080,8226,9605,2215,13385,14517,5571,5757,3729,31179,3792
201601,"2016","10","Comunitat Valenciana","03","Alicante/Alacant",0,230740,8862,42031,52226,8063,55018,64540,10580,37565,22637,145343,14615
201602,"2016","10","Comunitat Valenciana","03","Alicante/Alacant",0,229101,9058,41142,51662,8228,54567,64444,10716,37260,22258,143982,14885
201603,"2016","10","Comunitat Valenciana","03","Alicante/Alacant",0,224248,8764,39325,51491,7908,52721,64039,10500,38750,22086,138190,14722
201604,"2016","10","Comunitat Valenciana","03","Alicante/Alacant",0,221134,8640,38129,50995,7856,51704,63810,10054,38337,21675,136390,14678
201605,"2016","10","Comunitat Valenciana","03","Alicante/Alacant",0,216816,8279,36757,50443,7508,50572,63257,10467,37228,21258,133452,14411
201606,"2016","10","Comunitat Valenciana","03","Alicante/Alacant",0,213590,7709,35291,49343,7186,49815,64246,10635,35605,20847,132379,14124
201607,"2016","10","Comunitat Valenciana","03","Alicante/Alacant",0,210631,7123,34727,48961,6638,49069,64113,10437,35256,20849,130394,13695
201608,"2016","10","Comunitat Valenciana","03","Alicante/Alacant",0,215150,6936,36410,50913,6422,49733,64736,10137,39926,21477,130504,13106
201609,"2016","10","Comunitat Valenciana","03","Alicante/Alacant",0,213293,7468,35930,50109,6995,49572,63219,9311,38307,20828,131623,13224
201610,"2016","10","Comunitat Valenciana","03","Alicante/Alacant",0,212073,7607,35461,49741,7212,49458,62594,8808,37470,20234,132355,13206
201611,"2016","10","Comunitat Valenciana","03","Alicante/Alacant",0,212931,7898,35829,49186,7294,49822,62902,8967,35175,19674,135811,13304
201612,"2016","10","Comunitat Valenciana","03","Alicante/Alacant",0,211099,7541,35835,49294,6870,48788,62771,8950,35473,19707,134140,12829
201601,"2016","01","Andalucía","04","Almería",0,86143,3834,18018,19142,3654,22335,19160,15091,3693,9345,49770,8244
201602,"2016","01","Andalucía","04","Almería",0,87085,3963,18140,19225,3834,22671,19252,15464,3701,9369,50021,8530
201603,"2016","01","Andalucía","04","Almería",0,87662,4014,18288,19299,3977,22734,19350,16390,3672,9288,49602,8710
201604,"2016","01","Andalucía","04","Almería",0,89684,4102,18717,19182,4176,23702,19805,17389,3690,9074,50752,8779
201605,"2016","01","Andalucía","04","Almería",0,90791,3878,19062,19061,4182,24293,20315,19127,3681,8722,50774,8487
201606,"2016","01","Andalucía","04","Almería",0,97471,3775,21353,19796,4193,26328,22026,22977,3568,8359,54364,8203
201607,"2016","01","Andalucía","04","Almería",0,101560,3598,22771,20585,3920,27386,23300,24456,3692,8165,57552,7695
201608,"2016","01","Andalucía","04","Almería",0,101504,3444,22671,20843,3821,27408,23317,23480,3795,8245,58718,7266
201609,"2016","01","Andalucía","04","Almería",0,93693,3503,19681,19579,3852,25614,21464,19216,3576,8010,55499,7392
201610,"2016","01","Andalucía","04","Almería",0,86042,3495,17218,18392,3668,23127,20142,15942,3416,8028,51160,7496
201611,"2016","01","Andalucía","04","Almería",0,82699,3478,16332,17959,3500,21787,19643,14599,3325,7984,49264,7527
201612,"2016","01","Andalucía","04","Almería",0,79227,3253,15557,17814,3121,20404,19078,13982,3229,7956,46945,7115
201601,"2016","07","Castilla y León","05","Ávila",0,19574,1011,3552,4880,918,4610,4603,1652,1212,2897,11761,2052
201602,"2016","07","Castilla y León","05","Ávila",0,19576,1036,3539,4851,908,4636,4606,1534,1202,2883,11876,2081
201603,"2016","07","Castilla y León","05","Ávila",0,19251,1027,3421,4834,878,4469,4622,1410,1192,2964,11590,2095
201604,"2016","07","Castilla y León","05","Ávila",0,19103,1053,3317,4747,873,4451,4662,1377,1197,2849,11566,2114
201605,"2016","07","Castilla y León","05","Ávila",0,18485,1027,3091,4560,837,4380,4590,1263,1151,2664,11332,2075
201606,"2016","07","Castilla y León","05","Ávila",0,17717,985,2883,4329,797,4184,4539,1132,1145,2505,10875,2060
201607,"2016","07","Castilla y León","05","Ávila",0,16761,788,2628,4108,720,4069,4448,1003,1081,2366,10356,1955
201608,"2016","07","Castilla y León","05","Ávila",0,16489,724,2549,4035,695,4031,4455,978,1070,2338,10205,1898
201609,"2016","07","Castilla y León","05","Ávila",0,16836,765,2631,4037,762,4167,4474,956,1064,2279,10670,1867
201610,"2016","07","Castilla y León","05","Ávila",0,17060,785,2727,4146,773,4188,4441,1265,1076,2226,10668,1825
201611,"2016","07","Castilla y León","05","Ávila",0,17491,818,2863,4279,776,4247,4508,1484,1087,2247,10874,1799
201612,"2016","07","Castilla y León","05","Ávila",0,17065,762,2866,4283,718,4068,4368,1349,1081,2269,10623,1743
201601,"2016","11","Extremadura","06","Badajoz",0,129004,7732,22455,25287,7311,33018,33201,28234,6790,10150,75058,8772
201602,"2016","11","Extremadura","06","Badajoz",0,128902,7683,22426,25270,7229,32960,33334,27178,6948,10459,75552,8765
201603,"2016","11","Extremadura","06","Badajoz",0,127331,7523,22155,25468,7100,32021,33064,26297,6821,10937,74560,8716
201604,"2016","11","Extremadura","06","Badajoz",0,121276,7183,20235,23960,6968,30602,32328,22107,6620,10701,73039,8809
201605,"2016","11","Extremadura","06","Badajoz",0,118438,6966,19239,23374,6883,29898,32078,20694,6386,10510,72099,8749
201606,"2016","11","Extremadura","06","Badajoz",0,113371,6657,17627,22506,6516,28332,31733,18299,5667,10341,70114,8950
201607,"2016","11","Extremadura","06","Badajoz",0,111779,6275,17250,22352,6186,28254,31462,19294,5368,9925,68431,8761
201608,"2016","11","Extremadura","06","Badajoz",0,112397,6150,17721,22780,5970,28327,31449,21327,5375,9864,67416,8415
201609,"2016","11","Extremadura","06","Badajoz",0,115160,6409,17797,22411,6438,29848,32257,22164,5672,9191,69743,8390
201610,"2016","11","Extremadura","06","Badajoz",0,120061,6793,19200,23662,6659,30810,32937,26423,6132,8619,70608,8279
201611,"2016","11","Extremadura","06","Badajoz",0,121608,6964,19625,23720,6711,31520,33068,27615,5986,8525,71642,7840
201612,"2016","11","Extremadura","06","Badajoz",0,118417,6517,19129,23253,6390,30428,32700,26119,5991,8753,70149,7405
201601,"2016","04","Balears, Illes","07","Balears, Illes",0,138891,6015,29316,27486,5788,37528,32758,1974,4900,9108,119326,3583
201602,"2016","04","Balears, Illes","07","Balears, Illes",0,129290,5818,26268,25306,5674,35242,30982,1955,4741,8667,110198,3729
201603,"2016","04","Balears, Illes","07","Balears, Illes",0,112901,5187,22071,22457,5086,30501,27599,1824,4481,8605,94282,3709
201604,"2016","04","Balears, Illes","07","Balears, Illes",0,92508,4285,17222,19498,4397,24447,22659,1675,4091,8441,74555,3746
201605,"2016","04","Balears, Illes","07","Balears, Illes",0,71154,3133,12631,16335,3325,17714,18016,1489,3535,8476,54049,3605
201606,"2016","04","Balears, Illes","07","Balears, Illes",0,65990,2725,11659,15745,2776,15759,17326,1359,3495,8736,48877,3523
201607,"2016","04","Balears, Illes","07","Balears, Illes",0,64623,2463,11421,15715,2494,15363,17167,1288,3591,9095,47414,3235
201608,"2016","04","Balears, Illes","07","Balears, Illes",0,64572,2331,11819,15970,2324,15221,16907,1241,3825,9835,46657,3014
201609,"2016","04","Balears, Illes","07","Balears, Illes",0,66849,2860,12539,15939,2884,15981,16646,1270,3751,9187,49538,3103
201610,"2016","04","Balears, Illes","07","Balears, Illes",0,83350,3953,16889,17792,3916,21303,19497,1400,3907,8628,66273,3142
201611,"2016","04","Balears, Illes","07","Balears, Illes",0,125170,5575,26525,24389,5295,33607,29779,1410,4215,7823,108655,3067
201612,"2016","04","Balears, Illes","07","Balears, Illes",0,131295,5400,28185,26087,5077,34868,31678,1430,4355,8016,114633,2861
201601,"2016","09","Cataluña","08","Barcelona",0,462629,17397,89582,111288,14874,100066,129422,6016,63612,43428,320306,29267
201602,"2016","09","Cataluña","08","Barcelona",0,456558,17849,87149,109537,15246,98488,128289,6173,62095,42484,315802,30004
201603,"2016","09","Cataluña","08","Barcelona",0,449364,17444,84913,108044,14954,96836,127173,5915,60737,42062,310667,29983
201604,"2016","09","Cataluña","08","Barcelona",0,438226,16761,81694,105968,14453,94155,125195,5659,59530,40924,302219,29894
201605,"2016","09","Cataluña","08","Barcelona",0,427670,16117,77868,103962,14135,91804,123784,5133,57864,39761,295108,29804
201606,"2016","09","Cataluña","08","Barcelona",0,422341,15647,73581,101397,13714,90805,127197,5001,56339,38493,292872,29636
201607,"2016","09","Cataluña","08","Barcelona",0,418542,14259,70434,98663,12959,92293,129934,4844,54732,36858,294132,27976
201608,"2016","09","Cataluña","08","Barcelona",0,422328,13421,72269,99033,12582,94465,130558,4536,55557,37210,299220,25805
201609,"2016","09","Cataluña","08","Barcelona",0,414423,14918,71753,98622,13643,91369,124118,4619,55046,36299,291419,27040
201610,"2016","09","Cataluña","08","Barcelona",0,412161,15363,72851,99117,13808,89194,121828,5052,54992,36060,288943,27114
201611,"2016","09","Cataluña","08","Barcelona",0,415158,15863,74133,99541,13939,89570,122112,5274,54359,35504,292452,27569
201612,"2016","09","Cataluña","08","Barcelona",0,405728,14348,72718,98980,12469,86784,120429,5059,53398,35208,286305,25758
201601,"2016","07","Castilla y León","09","Burgos",0,34231,1416,6166,8132,1300,8232,8985,2001,5683,3183,20964,2400
201602,"2016","07","Castilla y León","09","Burgos",0,33869,1433,5997,7987,1332,8131,8989,1927,5590,3157,20761,2434
201603,"2016","07","Castilla y León","09","Burgos",0,33359,1454,5900,7910,1297,7930,8868,1878,5472,3127,20395,2487
201604,"2016","07","Castilla y León","09","Burgos",0,32670,1479,5702,7724,1285,7708,8772,1851,5392,2995,19935,2497
201605,"2016","07","Castilla y León","09","Burgos",0,31210,1378,5235,7382,1235,7333,8647,1666,5127,2763,19199,2455
201606,"2016","07","Castilla y León","09","Burgos",0,29957,1298,4707,7008,1163,7090,8691,1509,4794,2623,18596,2435
201607,"2016","07","Castilla y León","09","Burgos",0,28954,1136,4502,6666,1065,6943,8642,1488,4631,2449,18074,2312
201608,"2016","07","Castilla y León","09","Burgos",0,28864,1108,4607,6712,1025,6857,8555,1592,4699,2388,18000,2185
201609,"2016","07","Castilla y León","09","Burgos",0,29041,1174,4680,6700,1099,7002,8386,1531,4735,2318,18272,2185
201610,"2016","07","Castilla y León","09","Burgos",0,29217,1185,4763,6753,1118,7023,8375,1653,4781,2298,18367,2118
201611,"2016","07","Castilla y León","09","Burgos",0,29651,1183,4860,6879,1162,7051,8516,1985,4695,2361,18496,2114
201612,"2016","07","Castilla y León","09","Burgos",0,29580,1115,5035,7123,1092,6819,8396,2014,4718,2506,18356,1986
201601,"2016","11","Extremadura","10","Cáceres",0,71749,4176,13024,16011,3692,17323,17523,14249,4173,9707,39186,4434
201602,"2016","11","Extremadura","10","Cáceres",0,71424,4097,13104,16014,3574,17133,17502,13906,4329,9886,38881,4422
201603,"2016","11","Extremadura","10","Cáceres",0,69668,3982,12700,15805,3476,16401,17304,13275,4252,10106,37647,4388
201604,"2016","11","Extremadura","10","Cáceres",0,68228,3924,12181,15443,3447,16153,17080,12518,4092,10102,37069,4447
201605,"2016","11","Extremadura","10","Cáceres",0,65348,3787,11359,14787,3315,15422,16678,11362,4001,9503,36042,4440
201606,"2016","11","Extremadura","10","Cáceres",0,63744,3646,10708,14388,3274,14987,16741,11000,3931,9065,35232,4516
201607,"2016","11","Extremadura","10","Cáceres",0,63231,3453,10450,14460,3130,14793,16945,12022,3967,8678,34159,4405
201608,"2016","11","Extremadura","10","Cáceres",0,63328,3325,10548,14599,3100,14823,16933,12412,3895,8498,34254,4269
201609,"2016","11","Extremadura","10","Cáceres",0,63877,3485,10444,14432,3309,15254,16953,11617,3846,8060,36021,4333
201610,"2016","11","Extremadura","10","Cáceres",0,64772,3601,10702,14544,3368,15444,17113,12060,3983,7924,36537,4268
201611,"2016","11","Extremadura","10","Cáceres",0,66074,3601,11272,14842,3380,15775,17204,13683,3774,7760,36848,4009
201612,"2016","11","Extremadura","10","Cáceres",0,66694,3622,11714,15331,3212,15569,17246,13946,4048,8370,36586,3744
201601,"2016","01","Andalucía","11","Cádiz",0,229951,11418,45785,46507,10821,59422,55998,18311,15078,24392,140984,31186
201602,"2016","01","Andalucía","11","Cádiz",0,229021,11689,45168,45985,11023,59326,55830,18383,15071,23976,140020,31571
201603,"2016","01","Andalucía","11","Cádiz",0,225486,11557,44041,45834,10906,57803,55345,17779,15014,24239,136753,31701
201604,"2016","01","Andalucía","11","Cádiz",0,220175,11293,41677,44639,10726,56789,55051,16087,14377,23524,134515,31672
201605,"2016","01","Andalucía","11","Cádiz",0,214167,10635,39757,43892,10228,55088,54567,15538,14166,22938,130614,30911
201606,"2016","01","Andalucía","11","Cádiz",0,210961,10350,38107,43388,9976,54237,54903,17158,13735,22341,127185,30542
201607,"2016","01","Andalucía","11","Cádiz",0,205590,9544,36621,43217,9183,52490,54535,19804,13153,22114,121477,29042
201608,"2016","01","Andalucía","11","Cádiz",0,203994,9143,36184,43189,8853,52182,54443,19737,13199,22197,120793,28068
201609,"2016","01","Andalucía","11","Cádiz",0,208002,9661,37685,43502,9346,53687,54121,19882,12936,21705,125285,28194
201610,"2016","01","Andalucía","11","Cádiz",0,212935,9992,39206,44093,9647,55304,54693,19028,13386,21691,130370,28460
201611,"2016","01","Andalucía","11","Cádiz",0,217463,10170,40521,44487,9783,56989,55513,18875,13272,21502,135425,28389
201612,"2016","01","Andalucía","11","Cádiz",0,212913,9388,39838,44465,9006,54999,55217,17014,13402,21985,133219,27293
201601,"2016","10","Comunitat Valenciana","12","Castellón/Castelló",0,66568,3068,12784,15108,2812,17320,15476,4106,8409,6104,43397,4552
201602,"2016","10","Comunitat Valenciana","12","Castellón/Castelló",0,68037,3223,12861,15085,2968,17837,16063,4468,8264,5996,44636,4673
201603,"2016","10","Comunitat Valenciana","12","Castellón/Castelló",0,67547,3211,12537,15081,2890,17454,16374,4566,8331,6052,43904,4694
201604,"2016","10","Comunitat Valenciana","12","Castellón/Castelló",0,68512,3274,12374,15113,2926,17748,17077,4787,8145,5931,44884,4765
201605,"2016","10","Comunitat Valenciana","12","Castellón/Castelló",0,68131,3221,11905,15014,2793,17460,17738,5010,7978,5786,44660,4697
201606,"2016","10","Comunitat Valenciana","12","Castellón/Castelló",0,67563,3092,11286,14851,2691,17226,18417,5126,7752,5624,44339,4722
201607,"2016","10","Comunitat Valenciana","12","Castellón/Castelló",0,66301,2843,10847,14550,2493,16987,18581,4827,7577,5604,43719,4574
201608,"2016","10","Comunitat Valenciana","12","Castellón/Castelló",0,66091,2725,10913,14417,2439,17013,18584,4390,7564,5716,44029,4392
201609,"2016","10","Comunitat Valenciana","12","Castellón/Castelló",0,65573,2963,10965,14169,2765,17090,17621,3808,7540,5565,44171,4489
201610,"2016","10","Comunitat Valenciana","12","Castellón/Castelló",0,61116,2823,10329,13693,2714,15924,15633,3039,7448,5311,40892,4426
201611,"2016","10","Comunitat Valenciana","12","Castellón/Castelló",0,58599,2641,9783,13203,2638,15247,15087,2824,7199,4954,39309,4313
201612,"2016","10","Comunitat Valenciana","12","Castellón/Castelló",0,57372,2447,9600,13209,2468,14753,14895,2823,7251,4880,38269,4149
201601,"2016","08","Castilla - La Mancha","13","Ciudad Real",0,73349,4398,13796,14017,4388,19996,16754,10253,6198,7585,42906,6407
201602,"2016","08","Castilla - La Mancha","13","Ciudad Real",0,73685,4512,13892,14139,4445,19911,16786,10942,6148,7344,42728,6523
201603,"2016","08","Castilla - La Mancha","13","Ciudad Real",0,73867,4558,13963,14353,4434,19735,16824,11091,6276,7483,42488,6529
201604,"2016","08","Castilla - La Mancha","13","Ciudad Real",0,71077,4313,12932,13816,4286,19105,16625,10448,5979,7088,41173,6389
201605,"2016","08","Castilla - La Mancha","13","Ciudad Real",0,67724,4100,11847,13079,4170,18226,16302,9328,5709,6650,39806,6231
201606,"2016","08","Castilla - La Mancha","13","Ciudad Real",0,65983,4007,11245,12583,4101,17832,16215,8497,5693,6407,39165,6221
201607,"2016","08","Castilla - La Mancha","13","Ciudad Real",0,65547,3699,11087,12468,3855,18127,16311,8133,5596,6314,39417,6087
201608,"2016","08","Castilla - La Mancha","13","Ciudad Real",0,65862,3566,11421,12572,3773,18240,16290,7861,5735,6695,39575,5996
201609,"2016","08","Castilla - La Mancha","13","Ciudad Real",0,61914,3114,10014,11268,3749,17754,16015,5359,5295,6044,39187,6029
201610,"2016","08","Castilla - La Mancha","13","Ciudad Real",0,67267,3639,11710,12817,3898,18650,16553,9437,5570,5949,40400,5911
201611,"2016","08","Castilla - La Mancha","13","Ciudad Real",0,69190,3829,12107,13026,3954,19280,16994,9409,5714,6305,41839,5923
201612,"2016","08","Castilla - La Mancha","13","Ciudad Real",0,66974,3332,11346,12711,3746,18858,16981,7892,5834,6640,40908,5700
201601,"2016","01","Andalucía","14","Córdoba",0,127991,6487,20512,25171,7291,31043,37487,27054,10149,15571,62647,12570
201602,"2016","01","Andalucía","14","Córdoba",0,138654,7463,23577,26971,7586,33429,39628,36332,10219,15869,63451,12783
201603,"2016","01","Andalucía","14","Córdoba",0,146465,8127,25854,28385,7759,35094,41246,41011,10436,17149,64714,13155
201604,"2016","01","Andalucía","14","Córdoba",0,145697,8056,25271,28445,7657,34672,41596,40387,10334,17685,64212,13079
201605,"2016","01","Andalucía","14","Córdoba",0,142060,7560,23885,28183,7302,33915,41215,37409,10164,18318,63338,12831
201606,"2016","01","Andalucía","14","Córdoba",0,141587,7418,23364,28410,7264,33727,41404,36824,9822,18926,63324,12691
201607,"2016","01","Andalucía","14","Córdoba",0,143184,7429,23772,29073,7048,33846,42016,39015,9695,19015,63048,12411
201608,"2016","01","Andalucía","14","Córdoba",0,144348,7324,24198,29053,7008,34368,42397,39238,9911,18957,64089,12153
201609,"2016","01","Andalucía","14","Córdoba",0,140896,7101,23269,28135,7042,33683,41666,36401,9818,18033,64468,12176
201610,"2016","01","Andalucía","14","Córdoba",0,137001,6680,21867,27294,6953,33041,41166,34081,9473,17072,64380,11995
201611,"2016","01","Andalucía","14","Córdoba",0,134395,6434,21220,26679,6782,32420,40860,33193,9346,16316,63680,11860
201612,"2016","01","Andalucía","14","Córdoba",0,116064,4960,16768,22874,6041,28211,37210,21844,9157,14819,59144,11100
201601,"2016","12","Galicia","15","Coruña, A",0,115417,4209,22997,27435,3840,28587,28349,3766,15218,13939,72290,10204
201602,"2016","12","Galicia","15","Coruña, A",0,114229,4203,22315,27068,3856,28484,28303,3522,14602,13483,72287,10335
201603,"2016","12","Galicia","15","Coruña, A",0,112487,4230,21540,26690,3855,28080,28092,3322,14083,13155,71561,10366
201604,"2016","12","Galicia","15","Coruña, A",0,110473,4150,20915,26266,3791,27504,27847,3266,13548,12867,70441,10351
201605,"2016","12","Galicia","15","Coruña, A",0,107757,4103,20121,25786,3734,26655,27358,3239,13295,12434,68468,10321
201606,"2016","12","Galicia","15","Coruña, A",0,105600,4289,19327,25335,3767,25731,27151,3187,12885,12018,66959,10551
201607,"2016","12","Galicia","15","Coruña, A",0,100831,3799,17827,24239,3410,24739,26817,2853,12100,11294,64377,10207
201608,"2016","12","Galicia","15","Coruña, A",0,99230,3485,17276,23752,3342,24694,26681,2733,12002,10825,63800,9870
201609,"2016","12","Galicia","15","Coruña, A",0,99277,3477,17552,23515,3553,24720,26460,2713,12166,10554,64098,9746
201610,"2016","12","Galicia","15","Coruña, A",0,99371,3506,17603,23601,3504,24674,26483,2846,11980,10481,64484,9580
201611,"2016","12","Galicia","15","Coruña, A",0,100318,3557,17918,23725,3426,24944,26748,2928,12055,10459,65446,9430
201612,"2016","12","Galicia","15","Coruña, A",0,102602,3289,18701,24736,3136,24998,27742,3469,14224,11297,64605,9007
201601,"2016","08","Castilla - La Mancha","16","Cuenca",0,22576,1023,4181,5021,1037,5916,5398,3518,1837,2067,13677,1477
201602,"2016","08","Castilla - La Mancha","16","Cuenca",0,22624,1050,4204,5035,1051,5859,5425,3653,1832,2023,13630,1486
201603,"2016","08","Castilla - La Mancha","16","Cuenca",0,22246,1016,4125,5049,1011,5672,5373,3766,1768,1996,13255,1461
201604,"2016","08","Castilla - La Mancha","16","Cuenca",0,21604,956,3882,4873,967,5579,5347,3683,1768,1846,12852,1455
201605,"2016","08","Castilla - La Mancha","16","Cuenca",0,20413,890,3562,4594,918,5237,5212,3248,1730,1740,12265,1430
201606,"2016","08","Castilla - La Mancha","16","Cuenca",0,19351,849,3194,4298,866,5039,5105,2836,1567,1596,11923,1429
201607,"2016","08","Castilla - La Mancha","16","Cuenca",0,19272,786,3207,4246,797,5165,5071,2850,1509,1558,11968,1387
201608,"2016","08","Castilla - La Mancha","16","Cuenca",0,19332,771,3284,4296,775,5184,5022,2954,1534,1579,11931,1334
201609,"2016","08","Castilla - La Mancha","16","Cuenca",0,18578,673,2963,4114,779,5086,4963,2233,1420,1495,12134,1296
201610,"2016","08","Castilla - La Mancha","16","Cuenca",0,19780,799,3344,4413,844,5280,5100,2908,1475,1476,12634,1287
201611,"2016","08","Castilla - La Mancha","16","Cuenca",0,20246,818,3468,4493,840,5407,5220,2902,1516,1521,13012,1295
201612,"2016","08","Castilla - La Mancha","16","Cuenca",0,19743,776,3372,4441,770,5262,5122,2742,1483,1618,12642,1258
201601,"2016","09","Cataluña","17","Girona",0,70392,2982,14800,16363,2539,16469,17239,2761,6429,6739,50846,3617
201602,"2016","09","Cataluña","17","Girona",0,68446,2975,14093,15914,2534,16015,16915,2835,6257,6543,49074,3737
201603,"2016","09","Cataluña","17","Girona",0,62149,2708,12347,14869,2353,14318,15554,2691,6077,6363,43169,3849
201604,"2016","09","Cataluña","17","Girona",0,58365,2432,11400,14282,2095,13337,14819,2632,5898,6084,40001,3750
201605,"2016","09","Cataluña","17","Girona",0,54434,2197,10207,13691,1920,12295,14124,2307,5678,5865,36855,3729
201606,"2016","09","Cataluña","17","Girona",0,51292,1885,9203,12894,1657,11546,14107,2023,5424,5704,34476,3665
201607,"2016","09","Cataluña","17","Girona",0,49500,1517,8584,12563,1354,11322,14160,1898,5248,5778,33243,3333
201608,"2016","09","Cataluña","17","Girona",0,49715,1477,8771,12616,1320,11414,14117,1781,5405,5993,33465,3071
201609,"2016","09","Cataluña","17","Girona",0,52960,2114,9689,13044,1986,12231,13896,1665,5490,5753,36942,3110
201610,"2016","09","Cataluña","17","Girona",0,57837,2484,11090,13887,2326,13264,14786,2156,5466,5558,41564,3093
201611,"2016","09","Cataluña","17","Girona",0,63411,2750,12405,14800,2570,14753,16133,2444,5481,5484,46825,3177
201612,"2016","09","Cataluña","17","Girona",0,63310,2646,12434,15116,2382,14486,16246,2700,5504,5549,46432,3125
201601,"2016","01","Andalucía","18","Granada",0,139273,6570,26423,29233,6586,35662,34799,24301,6934,19436,75762,12840
201602,"2016","01","Andalucía","18","Granada",0,143962,7075,28010,30070,6845,36447,35515,27868,7055,19453,76444,13142
201603,"2016","01","Andalucía","18","Granada",0,144735,7151,28200,30450,6822,36322,35790,28599,7030,19816,75999,13291
201604,"2016","01","Andalucía","18","Granada",0,141639,7013,27260,29878,6617,35454,35417,27125,6889,19581,74811,13233
201605,"2016","01","Andalucía","18","Granada",0,138258,6599,26016,29561,6312,34593,35177,25992,6796,19666,72870,12934
201606,"2016","01","Andalucía","18","Granada",0,140289,6542,26182,29851,6290,35360,36064,27897,6711,19932,72950,12799
201607,"2016","01","Andalucía","18","Granada",0,139453,6210,26011,29948,5882,34973,36429,28481,6628,19958,72115,12271
201608,"2016","01","Andalucía","18","Granada",0,139121,5972,26071,30064,5663,34932,36419,28348,6745,19745,72508,11775
201609,"2016","01","Andalucía","18","Granada",0,138853,6142,25759,29728,5927,35070,36227,27087,6751,19381,73614,12020
201610,"2016","01","Andalucía","18","Granada",0,140163,6366,26043,29919,6081,35367,36387,27993,6836,19200,74042,12092
201611,"2016","01","Andalucía","18","Granada",0,140532,6408,26231,29817,6146,35231,36699,27777,6754,19044,74823,12134
201612,"2016","01","Andalucía","18","Granada",0,128973,5338,22658,27449,5515,32756,35257,22328,6467,17928,70926,11324
201601,"2016","08","Castilla - La Mancha","19","Guadalajara",0,24827,1091,4590,5340,1106,6719,5981,966,2204,2274,17668,1715
201602,"2016","08","Castilla - La Mancha","19","Guadalajara",0,25406,1179,4698,5366,1196,6897,6070,976,2190,2266,18192,1782
201603,"2016","08","Castilla - La Mancha","19","Guadalajara",0,24470,1109,4504,5241,1127,6647,5842,873,2161,2172,17530,1734
201604,"2016","08","Castilla - La Mancha","19","Guadalajara",0,23524,1067,4288,4960,1080,6372,5757,785,2079,2028,16915,1717
201605,"2016","08","Castilla - La Mancha","19","Guadalajara",0,22430,1031,3873,4713,1042,6158,5613,650,2009,1906,16158,1707
201606,"2016","08","Castilla - La Mancha","19","Guadalajara",0,21570,919,3517,4505,972,5955,5702,580,1901,1812,15621,1656
201607,"2016","08","Castilla - La Mancha","19","Guadalajara",0,21560,827,3482,4406,884,6090,5871,630,1825,1718,15785,1602
201608,"2016","08","Castilla - La Mancha","19","Guadalajara",0,21610,785,3554,4415,894,6096,5866,614,1790,1714,15995,1497
201609,"2016","08","Castilla - La Mancha","19","Guadalajara",0,21660,886,3592,4413,998,6106,5665,584,1833,1727,15939,1577
201610,"2016","08","Castilla - La Mancha","19","Guadalajara",0,22577,925,3840,4709,999,6328,5776,621,2023,1736,16633,1564
201611,"2016","08","Castilla - La Mancha","19","Guadalajara",0,22289,877,3789,4776,957,6158,5732,647,1960,1731,16424,1527
201612,"2016","08","Castilla - La Mancha","19","Guadalajara",0,22446,843,3904,4903,907,6163,5726,706,2050,1764,16486,1440
201601,"2016","16","País Vasco","20","Gipuzkoa",0,77451,3017,16699,14563,2860,21654,18658,1668,11172,5095,53505,6011
201602,"2016","16","País Vasco","20","Gipuzkoa",0,75539,2882,16116,14335,2737,20967,18502,1594,10867,5003,52110,5965
201603,"2016","16","País Vasco","20","Gipuzkoa",0,75924,2905,16132,14280,2844,21231,18532,1437,10884,4953,52647,6003
201604,"2016","16","País Vasco","20","Gipuzkoa",0,75913,2846,16122,14299,2890,21173,18583,1452,10810,4961,52664,6026
201605,"2016","16","País Vasco","20","Gipuzkoa",0,74914,2904,15798,14106,2811,20837,18458,1424,10652,4834,51914,6090
201606,"2016","16","País Vasco","20","Gipuzkoa",0,76354,3260,15728,14126,2964,21004,19272,1440,10735,4818,53015,6346
201607,"2016","16","País Vasco","20","Gipuzkoa",0,76566,3206,15508,14034,2946,21036,19836,1412,10708,4690,53507,6249
201608,"2016","16","País Vasco","20","Gipuzkoa",0,75294,2909,15186,13888,2778,20748,19785,1332,10546,4596,52781,6039
201609,"2016","16","País Vasco","20","Gipuzkoa",0,75838,2757,15404,13991,2929,21230,19527,1346,10649,4624,53191,6028
201610,"2016","16","País Vasco","20","Gipuzkoa",0,76032,2828,15529,14061,2972,21337,19305,1385,10672,4588,53293,6094
201611,"2016","16","País Vasco","20","Gipuzkoa",0,76284,2940,15578,14053,2985,21411,19317,1559,10549,4505,53533,6138
201612,"2016","16","País Vasco","20","Gipuzkoa",0,76078,2776,15818,14221,2835,21234,19194,1699,10623,4509,53321,5926
201601,"2016","01","Andalucía","21","Huelva",0,84465,4170,16485,17451,3929,21904,20526,21545,4365,8285,44134,6136
201602,"2016","01","Andalucía","21","Huelva",0,80488,4046,15455,16900,3810,20527,19750,18695,4242,8065,43206,6280
201603,"2016","01","Andalucía","21","Huelva",0,75340,3863,14415,16680,3437,18342,18603,15334,4512,8052,41145,6297
201604,"2016","01","Andalucía","21","Huelva",0,70817,3637,13149,15973,3227,17034,17797,13113,4344,7653,39430,6277
201605,"2016","01","Andalucía","21","Huelva",0,72925,3595,13617,16016,3364,17971,18362,16497,4388,7428,38397,6215
201606,"2016","01","Andalucía","21","Huelva",0,87082,4081,16405,16893,3903,23803,21997,30995,4467,7038,38307,6275
201607,"2016","01","Andalucía","21","Huelva",0,92516,4134,17484,17425,4013,25963,23497,37821,4234,6841,37787,5833
201608,"2016","01","Andalucía","21","Huelva",0,93328,4052,17686,17813,3895,26303,23579,37668,4354,7007,38761,5538
201609,"2016","01","Andalucía","21","Huelva",0,89934,3976,16523,17147,4053,25380,22855,31897,4238,6945,41275,5579
201610,"2016","01","Andalucía","21","Huelva",0,86740,3920,15818,16747,3958,24163,22134,27364,4143,6967,42564,5702
201611,"2016","01","Andalucía","21","Huelva",0,88482,3995,16112,16978,3965,24783,22649,27903,4021,6990,43842,5726
201612,"2016","01","Andalucía","21","Huelva",0,86134,3789,15951,17198,3616,23271,22309,26719,3946,7237,42678,5554
201601,"2016","02","Aragón","22","Huesca",0,17770,850,3606,3739,744,4922,3909,1979,1732,1602,11366,1091
201602,"2016","02","Aragón","22","Huesca",0,17441,851,3514,3696,729,4788,3863,1958,1688,1588,11108,1099
201603,"2016","02","Aragón","22","Huesca",0,16911,806,3446,3650,736,4538,3735,1985,1604,1557,10639,1126
201604,"2016","02","Aragón","22","Huesca",0,17127,830,3469,3666,740,4625,3797,1793,1556,1517,11102,1159
201605,"2016","02","Aragón","22","Huesca",0,15982,751,3060,3416,695,4365,3695,1309,1488,1440,10598,1147
201606,"2016","02","Aragón","22","Huesca",0,15258,742,2756,3281,682,4098,3699,1216,1428,1360,10064,1190
201607,"2016","02","Aragón","22","Huesca",0,14577,672,2553,3123,611,3905,3713,1174,1334,1281,9695,1093
201608,"2016","02","Aragón","22","Huesca",0,14505,672,2577,3135,586,3905,3630,1195,1324,1299,9640,1047
201609,"2016","02","Aragón","22","Huesca",0,15715,801,3000,3334,682,4289,3609,1721,1346,1269,10312,1067
201610,"2016","02","Aragón","22","Huesca",0,16420,863,3177,3383,719,4518,3760,1961,1352,1204,10876,1027
201611,"2016","02","Aragón","22","Huesca",0,16649,876,3249,3369,730,4554,3871,1974,1334,1192,11115,1034
201612,"2016","02","Aragón","22","Huesca",0,15626,736,3025,3234,655,4249,3727,1898,1380,1276,10147,925
201601,"2016","01","Andalucía","23","Jaén",0,86171,3943,12916,16594,5513,21994,25211,23646,5807,5865,42277,8576
201602,"2016","01","Andalucía","23","Jaén",0,108111,5706,18957,21381,6196,26768,29103,43736,6335,6089,43243,8708
201603,"2016","01","Andalucía","23","Jaén",0,113945,6334,20370,22505,6361,28137,30238,46580,6736,6840,44885,8904
201604,"2016","01","Andalucía","23","Jaén",0,113747,6487,20315,22764,6271,27687,30223,45046,6682,7243,45674,9102
201605,"2016","01","Andalucía","23","Jaén",0,112203,6210,19695,22806,6075,27182,30235,41475,6528,7859,47265,9076
201606,"2016","01","Andalucía","23","Jaén",0,112064,6231,19405,22882,6068,27061,30417,39314,6413,8591,48648,9098
201607,"2016","01","Andalucía","23","Jaén",0,110895,5966,19084,22964,5801,26622,30458,38542,6322,8852,48361,8818
201608,"2016","01","Andalucía","23","Jaén",0,108591,5485,18379,22351,5605,26483,30288,35668,6295,9139,48902,8587
201609,"2016","01","Andalucía","23","Jaén",0,105643,5264,17309,21390,5537,26408,29735,32416,6234,8404,50059,8530
201610,"2016","01","Andalucía","23","Jaén",0,109450,5532,18580,22171,5646,27339,30182,34019,6234,8646,52064,8487
201611,"2016","01","Andalucía","23","Jaén",0,107380,5204,17895,21984,5569,26704,30024,31514,6240,8698,52510,8418
201612,"2016","01","Andalucía","23","Jaén",0,73191,2696,8872,13387,4551,19485,24200,14528,5294,5408,40387,7574
201601,"2016","07","Castilla y León","24","León",0,52599,2294,10149,14259,1955,11904,12038,2569,8084,5433,31653,4860
201602,"2016","07","Castilla y León","24","León",0,52261,2315,9951,14124,1965,11840,12066,2484,7917,5285,31653,4922
201603,"2016","07","Castilla y León","24","León",0,51471,2333,9705,13943,1935,11547,12008,2391,7885,5143,31108,4944
201604,"2016","07","Castilla y León","24","León",0,51037,2381,9498,13799,1928,11466,11965,2314,7790,4970,30981,4982
201605,"2016","07","Castilla y León","24","León",0,49285,2326,8950,13361,1860,10998,11790,2177,7642,4719,29755,4992
201606,"2016","07","Castilla y León","24","León",0,47917,2291,8482,13010,1847,10656,11631,2076,7537,4452,28839,5013
201607,"2016","07","Castilla y León","24","León",0,46941,2047,8262,12789,1684,10491,11668,1946,7444,4227,28497,4827
201608,"2016","07","Castilla y León","24","León",0,46263,1935,8119,12600,1631,10404,11574,1901,7317,4120,28263,4662
201609,"2016","07","Castilla y León","24","León",0,45933,1940,7892,12414,1722,10586,11379,1767,7126,3962,28396,4682
201610,"2016","07","Castilla y León","24","León",0,47204,2071,8335,12737,1755,10759,11547,2357,7208,3950,29051,4638
201611,"2016","07","Castilla y León","24","León",0,47784,2062,8544,12936,1773,10782,11687,2446,7226,3975,29581,4556
201612,"2016","07","Castilla y León","24","León",0,47464,1876,8775,13184,1607,10418,11604,2468,7364,4301,28986,4345
201601,"2016","09","Cataluña","25","Lleida",0,33700,1246,7381,7888,1146,8542,7497,5176,3149,3173,20460,1742
201602,"2016","09","Cataluña","25","Lleida",0,33535,1277,7371,7821,1193,8412,7461,5326,3151,3069,20196,1793
201603,"2016","09","Cataluña","25","Lleida",0,33203,1212,7383,7812,1123,8229,7444,5475,3109,3008,19835,1776
201604,"2016","09","Cataluña","25","Lleida",0,32596,1231,7125,7672,1088,8109,7371,5088,2973,2901,19828,1806
201605,"2016","09","Cataluña","25","Lleida",0,30268,1143,6075,7156,1051,7712,7131,3850,2881,2774,18915,1848
201606,"2016","09","Cataluña","25","Lleida",0,28455,1063,5311,6752,954,7076,7299,3353,2751,2635,17877,1839
201607,"2016","09","Cataluña","25","Lleida",0,27478,948,4932,6464,875,6874,7385,3119,2588,2451,17557,1763
201608,"2016","09","Cataluña","25","Lleida",0,27254,906,4984,6408,836,6818,7302,3129,2589,2451,17462,1623
201609,"2016","09","Cataluña","25","Lleida",0,28364,1032,5662,6693,927,7122,6928,4049,2603,2410,17718,1584
201610,"2016","09","Cataluña","25","Lleida",0,30729,1096,6525,7175,1074,7660,7199,5039,2641,2369,19116,1564
201611,"2016","09","Cataluña","25","Lleida",0,31843,1196,6795,7334,1157,7916,7445,5383,2647,2410,19813,1590
201612,"2016","09","Cataluña","25","Lleida",0,30636,1099,6365,7232,1052,7604,7284,4946,2705,2563,18885,1537
201601,"2016","17","Rioja, La","26","Rioja, La",0,28011,1028,5279,6254,882,7020,7548,2897,5310,2051,16184,1569
201602,"2016","17","Rioja, La","26","Rioja, La",0,27791,1047,5225,6210,900,6926,7483,2993,5168,2013,16005,1612
201603,"2016","17","Rioja, La","26","Rioja, La",0,27306,1020,5076,6226,893,6716,7375,3086,5098,1980,15532,1610
201604,"2016","17","Rioja, La","26","Rioja, La",0,26791,988,4947,6085,875,6546,7350,2998,5012,1870,15290,1621
201605,"2016","17","Rioja, La","26","Rioja, La",0,25263,829,4282,5652,855,6348,7297,2343,4789,1726,14829,1576
201606,"2016","17","Rioja, La","26","Rioja, La",0,25647,896,4264,5694,858,6363,7572,2955,4745,1633,14679,1635
201607,"2016","17","Rioja, La","26","Rioja, La",0,25596,838,4286,5674,811,6345,7642,3180,4755,1547,14577,1537
201608,"2016","17","Rioja, La","26","Rioja, La",0,25061,768,4205,5572,768,6223,7525,2985,4812,1521,14281,1462
201609,"2016","17","Rioja, La","26","Rioja, La",0,23885,718,3977,5395,797,5943,7055,2597,4514,1492,13867,1415
201610,"2016","17","Rioja, La","26","Rioja, La",0,23960,721,4102,5429,789,5906,7013,2752,4483,1398,13922,1405
201611,"2016","17","Rioja, La","26","Rioja, La",0,24670,809,4366,5563,790,6022,7120,3020,4665,1397,14203,1385
201612,"2016","17","Rioja, La","26","Rioja, La",0,24567,777,4373,5574,740,5936,7167,2840,4855,1478,14088,1306
201601,"2016","12","Galicia","27","Lugo",0,29833,1225,5794,7513,1134,7637,6530,1793,2478,3418,19487,2657
201602,"2016","12","Galicia","27","Lugo",0,30197,1256,5823,7524,1179,7741,6674,1812,2520,3386,19788,2691
201603,"2016","12","Galicia","27","Lugo",0,29443,1237,5519,7358,1144,7596,6589,1695,2495,3301,19273,2679
201604,"2016","12","Galicia","27","Lugo",0,29066,1237,5374,7256,1112,7463,6624,1640,2450,3241,19049,2686
201605,"2016","12","Galicia","27","Lugo",0,28272,1209,5167,7091,1082,7155,6568,1613,2425,3090,18451,2693
201606,"2016","12","Galicia","27","Lugo",0,27317,1270,4898,6848,1069,6791,6441,1515,2318,2927,17782,2775
201607,"2016","12","Galicia","27","Lugo",0,25902,1107,4459,6608,990,6442,6296,1371,2224,2781,16873,2653
201608,"2016","12","Galicia","27","Lugo",0,24871,966,4185,6357,919,6247,6197,1302,2152,2652,16245,2520
201609,"2016","12","Galicia","27","Lugo",0,25624,1012,4308,6342,1041,6669,6252,1310,2183,2597,16973,2561
201610,"2016","12","Galicia","27","Lugo",0,25815,1017,4496,6436,1004,6629,6233,1442,2146,2582,17151,2494
201611,"2016","12","Galicia","27","Lugo",0,26498,1064,4724,6512,1044,6814,6340,1540,2118,2577,17785,2478
201612,"2016","12","Galicia","27","Lugo",0,26452,1018,4874,6676,929,6611,6344,1615,2147,2750,17570,2370
201601,"2016","13","Madrid, Comunidad de","28","Madrid",0,571280,21662,113712,127735,19676,140697,147798,5249,41097,55610,439884,29440
201602,"2016","13","Madrid, Comunidad de","28","Madrid",0,572775,22373,114036,127687,20231,140441,148007,5374,40740,54829,441833,29999
201603,"2016","13","Madrid, Comunidad de","28","Madrid",0,564871,21964,111130,126751,19933,137916,147177,5304,40192,53816,435532,30027
201604,"2016","13","Madrid, Comunidad de","28","Madrid",0,553864,21207,106656,125072,19342,135230,146357,5152,39289,52591,427005,29827
201605,"2016","13","Madrid, Comunidad de","28","Madrid",0,540197,20176,101753,122767,18499,132072,144930,4845,38122,50634,417363,29233
201606,"2016","13","Madrid, Comunidad de","28","Madrid",0,539570,19657,97350,119894,18564,132351,151754,4670,37110,48297,419989,29504
201607,"2016","13","Madrid, Comunidad de","28","Madrid",0,536078,18227,93410,116945,17565,133879,156052,4494,35331,45996,421799,28458
201608,"2016","13","Madrid, Comunidad de","28","Madrid",0,538459,17755,93643,116508,17604,136293,156656,4356,35349,45237,425871,27646
201609,"2016","13","Madrid, Comunidad de","28","Madrid",0,532932,19668,94458,116869,18850,133824,149263,4320,35645,45598,418578,28791
201610,"2016","13","Madrid, Comunidad de","28","Madrid",0,535323,20116,96651,117700,19003,133514,148339,4689,36179,45623,419943,28889
201611,"2016","13","Madrid, Comunidad de","28","Madrid",0,536655,20381,98249,117695,18661,133595,148074,4850,36065,45630,421041,29069
201612,"2016","13","Madrid, Comunidad de","28","Madrid",0,524581,18296,97704,117189,16447,129804,145141,4655,35895,46300,410696,27035
201601,"2016","01","Andalucía","29","Málaga",0,228611,10276,43144,48045,9967,56843,60336,13607,11048,28342,151654,23960
201602,"2016","01","Andalucía","29","Málaga",0,229771,10748,43099,48045,10355,57112,60412,14982,11048,28192,150935,24614
201603,"2016","01","Andalucía","29","Málaga",0,226072,10625,41480,47496,10184,56134,60153,16443,10682,28203,146002,24742
201604,"2016","01","Andalucía","29","Málaga",0,223968,10712,40574,47210,10196,55462,59814,17108,10677,28004,143130,25049
201605,"2016","01","Andalucía","29","Málaga",0,218711,10269,38925,46567,9782,53869,59299,17119,10574,27625,138693,24700
201606,"2016","01","Andalucía","29","Málaga",0,212644,9755,36516,45571,9422,52166,59214,17225,10214,26794,134026,24385
201607,"2016","01","Andalucía","29","Málaga",0,207768,8973,34802,44835,8659,50907,59592,17232,9899,26402,130843,23392
201608,"2016","01","Andalucía","29","Málaga",0,206780,8431,34800,44937,8318,50943,59351,16697,9934,26961,130755,22433
201609,"2016","01","Andalucía","29","Málaga",0,206470,8765,35210,44631,8679,50931,58254,15426,9744,26221,132668,22411
201610,"2016","01","Andalucía","29","Málaga",0,208846,9061,35996,44639,9026,52010,58114,14035,9881,25599,136628,22703
201611,"2016","01","Andalucía","29","Málaga",0,216134,9464,37875,45634,9119,54156,59886,14337,9913,25350,143899,22635
201612,"2016","01","Andalucía","29","Málaga",0,211610,8732,36976,45198,8506,52631,59567,12091,9928,25348,142407,21836
201601,"2016","14","Murcia, Región de","30","Murcia",0,171415,7878,33565,33095,8007,47787,41083,19669,18549,15816,103993,13388
201602,"2016","14","Murcia, Región de","30","Murcia",0,171640,8169,33700,33159,8367,47138,41107,20344,18458,15672,103367,13799
201603,"2016","14","Murcia, Región de","30","Murcia",0,167370,7882,32211,32779,8136,45635,40727,19727,18179,15536,100224,13704
201604,"2016","14","Murcia, Región de","30","Murcia",0,161578,7499,29991,31656,8117,44478,39837,17942,17293,14767,97889,13687
201605,"2016","14","Murcia, Región de","30","Murcia",0,158479,7008,29948,31377,7531,43178,39437,18316,17181,14427,95307,13248
201606,"2016","14","Murcia, Región de","30","Murcia",0,161332,6918,31348,31937,7450,43465,40214,21041,17097,14042,96089,13063
201607,"2016","14","Murcia, Región de","30","Murcia",0,160158,6721,31922,31885,6906,42876,39848,21440,16752,13893,95457,12616
201608,"2016","14","Murcia, Región de","30","Murcia",0,163979,6776,33641,33112,6799,43589,40062,23091,17353,14303,97183,12049
201609,"2016","14","Murcia, Región de","30","Murcia",0,165928,7481,32894,32695,7591,44902,40365,22520,17186,14093,99605,12524
201610,"2016","14","Murcia, Región de","30","Murcia",0,164199,7349,31444,31937,7700,45161,40608,21056,17403,13639,99588,12513
201611,"2016","14","Murcia, Región de","30","Murcia",0,163675,7464,30421,31400,7770,45552,41068,20388,17196,13332,100113,12646
201612,"2016","14","Murcia, Región de","30","Murcia",0,158756,6820,29513,31206,6972,43776,40469,18702,17198,13469,97340,12047
201601,"2016","15","Navarra, Comunidad Foral de","31","Navarra",0,59499,2599,11682,11842,2475,15514,15387,3262,9006,4053,39406,3772
201602,"2016","15","Navarra, Comunidad Foral de","31","Navarra",0,59523,2722,11619,11762,2556,15520,15344,3426,8830,4016,39375,3876
201603,"2016","15","Navarra, Comunidad Foral de","31","Navarra",0,58756,2665,11389,11713,2567,15242,15180,3636,8785,3984,38417,3934
201604,"2016","15","Navarra, Comunidad Foral de","31","Navarra",0,57062,2653,10770,11261,2560,14976,14842,3391,8262,3801,37623,3985
201605,"2016","15","Navarra, Comunidad Foral de","31","Navarra",0,55513,2720,10122,10959,2534,14487,14691,3032,7862,3615,36904,4100
201606,"2016","15","Navarra, Comunidad Foral de","31","Navarra",0,55626,2685,9734,10722,2581,14497,15407,3178,7810,3467,36963,4208
201607,"2016","15","Navarra, Comunidad Foral de","31","Navarra",0,55123,2501,9564,10665,2425,14419,15549,3126,7844,3365,36743,4045
201608,"2016","15","Navarra, Comunidad Foral de","31","Navarra",0,54279,2433,9334,10495,2420,14321,15276,2866,7614,3265,36548,3986
201609,"2016","15","Navarra, Comunidad Foral de","31","Navarra",0,53706,2584,9363,10390,2556,14081,14732,2745,7336,3237,36421,3967
201610,"2016","15","Navarra, Comunidad Foral de","31","Navarra",0,53297,2474,9447,10437,2535,13832,14572,2966,7297,3138,35993,3903
201611,"2016","15","Navarra, Comunidad Foral de","31","Navarra",0,53977,2457,9625,10635,2449,14055,14756,3085,7685,3213,36150,3844
201612,"2016","15","Navarra, Comunidad Foral de","31","Navarra",0,54512,2353,10192,11025,2279,14003,14660,3125,8091,3307,36250,3739
201601,"2016","12","Galicia","32","Ourense",0,32906,1372,5814,8083,1183,7706,8748,1783,4233,3516,20255,3119
201602,"2016","12","Galicia","32","Ourense",0,33067,1402,5794,8070,1200,7818,8783,1759,4232,3503,20412,3161
201603,"2016","12","Galicia","32","Ourense",0,32725,1428,5653,7980,1198,7718,8748,1724,4168,3501,20155,3177
201604,"2016","12","Galicia","32","Ourense",0,32356,1406,5582,7897,1163,7588,8720,1657,4131,3473,19931,3164
201605,"2016","12","Galicia","32","Ourense",0,31638,1386,5363,7737,1134,7394,8624,1599,4047,3370,19477,3145
201606,"2016","12","Galicia","32","Ourense",0,30726,1412,5032,7502,1168,7098,8514,1530,3907,3156,18938,3195
201607,"2016","12","Galicia","32","Ourense",0,29488,1270,4609,7246,1080,6868,8415,1385,3702,3000,18286,3115
201608,"2016","12","Galicia","32","Ourense",0,28628,1126,4355,7049,1076,6720,8302,1278,3598,2896,17841,3015
201609,"2016","12","Galicia","32","Ourense",0,28320,1090,4311,6872,1081,6764,8202,1204,3573,2815,17787,2941
201610,"2016","12","Galicia","32","Ourense",0,28816,1095,4593,6977,1092,6845,8214,1492,3641,2759,18007,2917
201611,"2016","12","Galicia","32","Ourense",0,29224,1161,4805,7050,1068,6885,8255,1614,3633,2761,18340,2876
201612,"2016","12","Galicia","32","Ourense",0,29213,1119,5003,7259,952,6672,8208,1647,3661,2943,18242,2720
201601,"2016","03","Asturias, Principado de","33","Asturias",0,121451,4359,24743,30478,4108,29814,27949,2261,16438,12227,80534,9991
201602,"2016","03","Asturias, Principado de","33","Asturias",0,120818,4407,24543,30255,4164,29570,27879,2191,16490,11954,80168,10015
201603,"2016","03","Asturias, Principado de","33","Asturias",0,117937,4354,23761,29793,4075,28535,27419,2132,16202,11705,77912,9986
201604,"2016","03","Asturias, Principado de","33","Asturias",0,116279,4322,22920,29404,4035,28186,27412,2115,15835,11281,76981,10067
201605,"2016","03","Asturias, Principado de","33","Asturias",0,114209,4220,22182,29022,3897,27664,27224,2116,15641,10948,75475,10029
201606,"2016","03","Asturias, Principado de","33","Asturias",0,112082,4191,21207,28625,3954,26843,27262,2003,15183,10741,74076,10079
201607,"2016","03","Asturias, Principado de","33","Asturias",0,108464,3787,20189,28113,3681,25760,26934,1879,14858,10307,71657,9763
201608,"2016","03","Asturias, Principado de","33","Asturias",0,107029,3562,19872,27993,3577,25347,26678,1796,14747,10107,70908,9471
201609,"2016","03","Asturias, Principado de","33","Asturias",0,109182,3854,20471,28083,3752,26230,26792,1865,14811,10052,72855,9599
201610,"2016","03","Asturias, Principado de","33","Asturias",0,110376,3918,20649,28185,3791,26737,27096,1959,14839,9874,74196,9508
201611,"2016","03","Asturias, Principado de","33","Asturias",0,111252,3962,20835,28199,3797,27029,27430,1986,14757,9813,75187,9509
201612,"2016","03","Asturias, Principado de","33","Asturias",0,110274,3657,21154,28534,3552,26173,27204,2115,15059,10163,73695,9242
201601,"2016","07","Castilla y León","34","Palencia",0,15924,848,2707,3878,758,3750,3983,1042,1982,1447,9977,1476
201602,"2016","07","Castilla y León","34","Palencia",0,15873,830,2692,3861,756,3722,4012,1019,1994,1421,9968,1471
201603,"2016","07","Castilla y León","34","Palencia",0,15575,852,2648,3784,732,3640,3919,990,1988,1370,9721,1506
201604,"2016","07","Castilla y León","34","Palencia",0,15218,861,2512,3639,728,3570,3908,942,1976,1250,9556,1494
201605,"2016","07","Castilla y León","34","Palencia",0,14674,831,2356,3457,745,3475,3810,879,1935,1147,9217,1496
201606,"2016","07","Castilla y León","34","Palencia",0,14174,791,2220,3330,702,3323,3808,837,1876,1074,8892,1495
201607,"2016","07","Castilla y León","34","Palencia",0,13719,737,2065,3209,635,3268,3805,807,1947,995,8530,1440
201608,"2016","07","Castilla y León","34","Palencia",0,13399,693,2016,3130,590,3266,3704,789,1864,997,8371,1378
201609,"2016","07","Castilla y León","34","Palencia",0,13564,685,2026,3132,683,3390,3648,783,1897,983,8523,1378
201610,"2016","07","Castilla y León","34","Palencia",0,14037,734,2186,3251,701,3425,3740,843,2000,983,8833,1378
201611,"2016","07","Castilla y León","34","Palencia",0,14317,769,2252,3348,686,3461,3801,885,2005,1002,9072,1353
201612,"2016","07","Castilla y León","34","Palencia",0,14342,733,2405,3495,656,3339,3714,937,2011,1114,8982,1298
201601,"2016","05","Canarias","35","Palmas, Las",0,150897,5435,28813,35450,5608,37027,38564,4115,6336,17117,112077,11252
201602,"2016","05","Canarias","35","Palmas, Las",0,150753,5650,28704,35277,5838,36640,38644,4085,6336,16824,111789,11719
201603,"2016","05","Canarias","35","Palmas, Las",0,151055,6025,28163,34914,6214,36753,38986,4284,6280,16473,111254,12764
201604,"2016","05","Canarias","35","Palmas, Las",0,152051,6211,27797,34680,6547,37172,39644,4989,6107,15863,111678,13414
201605,"2016","05","Canarias","35","Palmas, Las",0,152679,6279,27308,34562,6719,37458,40353,5563,6081,15505,111711,13819
201606,"2016","05","Canarias","35","Palmas, Las",0,154953,6524,27328,34700,6961,37821,41619,5973,6159,15711,112784,14326
201607,"2016","05","Canarias","35","Palmas, Las",0,153711,6352,26505,34373,6631,37067,42783,5729,6117,15785,111807,14273
201608,"2016","05","Canarias","35","Palmas, Las",0,151868,6323,25926,34115,6671,36594,42239,5017,6049,15675,110821,14306
201609,"2016","05","Canarias","35","Palmas, Las",0,149455,6612,25639,33621,7088,35847,40648,4313,6044,15316,108894,14888
201610,"2016","05","Canarias","35","Palmas, Las",0,147969,6761,25330,33304,7214,35696,39664,3933,5959,15091,107743,15243
201611,"2016","05","Canarias","35","Palmas, Las",0,147267,6715,25473,33275,7100,35172,39532,3723,5857,15101,107375,15211
201612,"2016","05","Canarias","35","Palmas, Las",0,143733,6171,24876,33161,6252,33756,39517,3580,5779,15095,104946,14333
201601,"2016","12","Galicia","36","Pontevedra",0,118715,4720,24134,25983,4165,29905,29808,4988,15279,11800,76570,10078
201602,"2016","12","Galicia","36","Pontevedra",0,118419,4779,23863,25831,4277,29891,29778,4747,15061,11674,76715,10222
201603,"2016","12","Galicia","36","Pontevedra",0,116116,4696,22966,25334,4224,29227,29669,4478,15254,11389,74821,10174
201604,"2016","12","Galicia","36","Pontevedra",0,114204,4511,22297,24952,4150,28799,29495,4365,15004,11146,73501,10188
201605,"2016","12","Galicia","36","Pontevedra",0,110779,4316,21241,24432,4006,27786,28998,4273,14418,10725,71347,10016
201606,"2016","12","Galicia","36","Pontevedra",0,106862,4265,20030,23735,3876,26449,28507,4082,13562,10224,68889,10105
201607,"2016","12","Galicia","36","Pontevedra",0,101947,3885,18488,22970,3410,25069,28125,3666,13240,9651,65631,9759
201608,"2016","12","Galicia","36","Pontevedra",0,100636,3715,18161,22667,3370,24909,27814,3587,13224,9281,64983,9561
201609,"2016","12","Galicia","36","Pontevedra",0,100922,3650,18153,22548,3556,25325,27690,3420,13235,8993,65834,9440
201610,"2016","12","Galicia","36","Pontevedra",0,103418,3815,19179,23021,3650,25787,27966,4068,13355,9028,67663,9304
201611,"2016","12","Galicia","36","Pontevedra",0,104673,3862,19465,23369,3608,25942,28427,4100,13463,9180,68701,9229
201612,"2016","12","Galicia","36","Pontevedra",0,105535,3643,20088,24143,3277,25468,28916,4384,14303,9729,68288,8831
201601,"2016","07","Castilla y León","37","Salamanca",0,38119,1799,6519,8458,1757,9009,10577,1218,2730,3990,26283,3898
201602,"2016","07","Castilla y León","37","Salamanca",0,37759,1779,6371,8335,1746,9006,10522,1196,2701,3948,26003,3911
201603,"2016","07","Castilla y León","37","Salamanca",0,37138,1749,6157,8296,1729,8823,10384,1161,2703,3901,25488,3885
201604,"2016","07","Castilla y León","37","Salamanca",0,36457,1737,5954,8112,1732,8635,10287,1144,2711,3738,24982,3882
201605,"2016","07","Castilla y León","37","Salamanca",0,35291,1698,5636,7741,1692,8357,10167,1078,2615,3429,24302,3867
201606,"2016","07","Castilla y León","37","Salamanca",0,34018,1655,5209,7338,1681,8059,10076,1025,2504,3175,23426,3888
201607,"2016","07","Castilla y León","37","Salamanca",0,33432,1501,4995,7211,1521,8070,10134,942,2516,3046,23187,3741
201608,"2016","07","Castilla y León","37","Salamanca",0,33221,1487,4952,7196,1495,7992,10099,943,2653,2955,23003,3667
201609,"2016","07","Castilla y León","37","Salamanca",0,33676,1634,5004,7182,1656,8121,10079,906,2495,2927,23636,3712
201610,"2016","07","Castilla y León","37","Salamanca",0,33979,1669,5144,7299,1614,8105,10148,1039,2439,3055,23784,3662
201611,"2016","07","Castilla y León","37","Salamanca",0,34367,1683,5261,7468,1607,8107,10241,1108,2379,3131,24148,3601
201612,"2016","07","Castilla y León","37","Salamanca",0,33975,1532,5368,7711,1437,7807,10120,1116,2388,3410,23645,3416
201601,"2016","05","Canarias","38","Santa Cruz de Tenerife",0,136626,4485,27589,34202,4425,33077,32848,4852,5922,16959,99629,9264
201602,"2016","05","Canarias","38","Santa Cruz de Tenerife",0,136257,4599,27357,34075,4430,32944,32852,4901,5870,16816,99053,9617
201603,"2016","05","Canarias","38","Santa Cruz de Tenerife",0,137640,5002,27322,34059,4768,33259,33230,4980,5858,16747,99584,10471
201604,"2016","05","Canarias","38","Santa Cruz de Tenerife",0,137990,5264,26784,33854,4995,33585,33508,5100,5749,16346,99741,11054
201605,"2016","05","Canarias","38","Santa Cruz de Tenerife",0,138018,5328,26419,33753,5146,33634,33738,5233,5646,16051,99804,11284
201606,"2016","05","Canarias","38","Santa Cruz de Tenerife",0,138545,5461,25838,33436,5417,33890,34503,5028,5571,15771,100334,11841
201607,"2016","05","Canarias","38","Santa Cruz de Tenerife",0,136761,5180,24527,32835,5198,33234,35787,4393,5425,15395,99763,11785
201608,"2016","05","Canarias","38","Santa Cruz de Tenerife",0,135127,5084,23971,32502,5232,32831,35507,4050,5355,15138,98759,11825
201609,"2016","05","Canarias","38","Santa Cruz de Tenerife",0,133617,5341,23957,32058,5454,32482,34325,3834,5389,14831,97232,12331
201610,"2016","05","Canarias","38","Santa Cruz de Tenerife",0,132464,5393,23904,32001,5519,32031,33616,4010,5416,14613,96008,12417
201611,"2016","05","Canarias","38","Santa Cruz de Tenerife",0,132818,5503,24202,32058,5494,31802,33759,4064,5440,14443,96205,12666
201612,"2016","05","Canarias","38","Santa Cruz de Tenerife",0,130355,5062,23950,32342,4983,30436,33582,4098,5311,14632,94354,11960
201601,"2016","06","Cantabria","39","Cantabria",0,63036,2441,14078,14692,2029,15559,14237,1386,6193,6821,44250,4386
201602,"2016","06","Cantabria","39","Cantabria",0,63877,2545,14286,14906,2155,15668,14317,1264,6412,6989,44678,4534
201603,"2016","06","Cantabria","39","Cantabria",0,61526,2416,13692,14565,2024,14793,14036,1139,6356,6915,42567,4549
201604,"2016","06","Cantabria","39","Cantabria",0,60118,2278,13343,14361,1963,14441,13732,1126,6116,6655,41658,4563
201605,"2016","06","Cantabria","39","Cantabria",0,57793,2114,12635,13729,1850,13984,13481,1064,6095,6300,39878,4456
201606,"2016","06","Cantabria","39","Cantabria",0,55306,2000,11648,13114,1747,13281,13516,918,5867,6026,38073,4422
201607,"2016","06","Cantabria","39","Cantabria",0,52327,1789,10705,12804,1524,12291,13214,885,5522,5822,35924,4174
201608,"2016","06","Cantabria","39","Cantabria",0,51246,1653,10449,12544,1456,12098,13046,857,5440,5610,35365,3974
201609,"2016","06","Cantabria","39","Cantabria",0,53080,1840,10811,12625,1674,12840,13290,901,5479,5549,37093,4058
201610,"2016","06","Cantabria","39","Cantabria",0,53595,1883,10942,12341,1759,13267,13403,921,5337,5279,38079,3979
201611,"2016","06","Cantabria","39","Cantabria",0,55654,1994,11300,12943,1784,13725,13908,1066,5377,5221,39995,3995
201612,"2016","06","Cantabria","39","Cantabria",0,56655,1965,11863,13515,1675,13680,13957,1520,5506,5447,40307,3875
201601,"2016","07","Castilla y León","40","Segovia",0,13257,695,2453,3158,580,3340,3031,1587,1010,1180,8439,1041
201602,"2016","07","Castilla y León","40","Segovia",0,13158,710,2398,3142,605,3321,2982,1476,1015,1175,8413,1079
201603,"2016","07","Castilla y León","40","Segovia",0,12812,717,2289,3053,592,3184,2977,1392,959,1117,8234,1110
201604,"2016","07","Castilla y León","40","Segovia",0,12583,701,2231,2989,576,3128,2958,1281,956,1083,8178,1085
201605,"2016","07","Castilla y León","40","Segovia",0,11819,643,1999,2813,524,2945,2895,1123,911,1007,7701,1077
201606,"2016","07","Castilla y León","40","Segovia",0,11380,638,1792,2682,538,2840,2890,995,859,939,7498,1089
201607,"2016","07","Castilla y León","40","Segovia",0,10851,520,1690,2552,459,2738,2892,863,800,869,7278,1041
201608,"2016","07","Castilla y León","40","Segovia",0,10679,495,1653,2513,430,2732,2856,854,797,864,7176,988
201609,"2016","07","Castilla y León","40","Segovia",0,10774,527,1691,2532,475,2816,2733,824,804,873,7270,1003
201610,"2016","07","Castilla y León","40","Segovia",0,10894,504,1759,2619,495,2770,2747,965,824,849,7308,948
201611,"2016","07","Castilla y León","40","Segovia",0,11108,525,1855,2683,475,2808,2762,1134,808,858,7382,926
201612,"2016","07","Castilla y León","40","Segovia",0,11312,511,1958,2815,456,2796,2776,1346,842,920,7318,886
201601,"2016","01","Andalucía","41","Sevilla",0,333380,16756,62548,64800,15986,85818,87472,58696,21759,36103,183742,33080
201602,"2016","01","Andalucía","41","Sevilla",0,338129,17577,63368,65004,16665,87112,88403,60054,21741,36328,185963,34043
201603,"2016","01","Andalucía","41","Sevilla",0,333007,17202,61995,64748,16178,85133,87751,57369,21240,37034,183430,33934
201604,"2016","01","Andalucía","41","Sevilla",0,325816,16734,59429,63663,15822,83283,86885,54379,20794,36371,180610,33662
201605,"2016","01","Andalucía","41","Sevilla",0,317949,15824,57138,62795,15116,81145,85931,50732,20381,36027,177832,32977
201606,"2016","01","Andalucía","41","Sevilla",0,322381,15952,56665,62723,15320,83464,88257,54396,19715,36127,178974,33169
201607,"2016","01","Andalucía","41","Sevilla",0,322821,15412,56395,63103,14831,83728,89352,57618,19308,36150,177318,32427
201608,"2016","01","Andalucía","41","Sevilla",0,324026,15120,56914,63423,14584,84569,89416,58135,19413,36133,178495,31850
201609,"2016","01","Andalucía","41","Sevilla",0,310542,14648,53708,60799,14658,80435,86294,50040,18676,34041,175741,32044
201610,"2016","01","Andalucía","41","Sevilla",0,305397,14227,52456,60262,14576,78764,85112,47517,18637,32625,174673,31945
201611,"2016","01","Andalucía","41","Sevilla",0,308324,14241,53144,60754,14578,79594,86013,51024,18620,31847,175076,31757
201612,"2016","01","Andalucía","41","Sevilla",0,298847,12926,51437,60009,13371,76160,84944,48304,18999,31927,169458,30159
201601,"2016","07","Castilla y León","42","Soria",0,7088,408,1328,1671,334,1770,1577,556,877,639,4502,514
201602,"2016","07","Castilla y León","42","Soria",0,7061,403,1283,1651,342,1809,1573,517,885,656,4452,551
201603,"2016","07","Castilla y León","42","Soria",0,6881,384,1226,1598,337,1752,1584,486,884,625,4332,554
201604,"2016","07","Castilla y León","42","Soria",0,6667,396,1119,1527,323,1727,1575,454,872,568,4192,581
201605,"2016","07","Castilla y León","42","Soria",0,6334,350,1022,1417,319,1648,1578,393,842,503,4038,558
201606,"2016","07","Castilla y León","42","Soria",0,5887,327,909,1287,294,1538,1532,290,789,448,3800,560
201607,"2016","07","Castilla y León","42","Soria",0,5745,290,878,1268,284,1492,1533,267,748,453,3740,537
201608,"2016","07","Castilla y León","42","Soria",0,5570,280,848,1250,260,1451,1481,297,743,429,3601,500
201609,"2016","07","Castilla y León","42","Soria",0,5702,335,864,1244,302,1460,1497,297,762,407,3725,511
201610,"2016","07","Castilla y León","42","Soria",0,5794,326,917,1309,287,1485,1470,334,764,413,3819,464
201611,"2016","07","Castilla y León","42","Soria",0,6235,356,1070,1474,301,1532,1502,551,780,424,4017,463
201612,"2016","07","Castilla y León","42","Soria",0,6235,343,1080,1545,253,1516,1498,629,813,464,3898,431
201601,"2016","09","Cataluña","43","Tarragona",0,83362,3450,16959,18956,3238,20015,20744,4642,8094,8073,57819,4734
201602,"2016","09","Cataluña","43","Tarragona",0,82593,3625,16598,18583,3306,19823,20658,4934,7802,7929,57053,4875
201603,"2016","09","Cataluña","43","Tarragona",0,75848,3258,15019,17713,2963,17745,19150,4794,7582,7816,50885,4771
201604,"2016","09","Cataluña","43","Tarragona",0,72652,3160,13849,17047,2916,17009,18671,4483,7472,7506,48372,4819
201605,"2016","09","Cataluña","43","Tarragona",0,68556,2930,12484,16412,2758,15869,18103,4200,7179,7230,45115,4832
201606,"2016","09","Cataluña","43","Tarragona",0,66682,2655,11932,16170,2510,15151,18264,4366,7173,7154,43236,4753
201607,"2016","09","Cataluña","43","Tarragona",0,65113,2311,11387,15785,2240,14933,18457,4409,6944,6965,42350,4445
201608,"2016","09","Cataluña","43","Tarragona",0,64965,2209,11453,15847,2143,14997,18316,4341,6959,7074,42417,4174
201609,"2016","09","Cataluña","43","Tarragona",0,66288,2668,11916,15783,2594,15514,17813,4051,6984,6928,44128,4197
201610,"2016","09","Cataluña","43","Tarragona",0,69841,2979,12807,16202,2898,16535,18420,4102,6918,6826,47740,4255
201611,"2016","09","Cataluña","43","Tarragona",0,74684,3291,13805,16665,3094,18021,19808,3893,6890,6647,52896,4358
201612,"2016","09","Cataluña","43","Tarragona",0,74414,3142,13962,16945,2832,17697,19836,3905,7005,6686,52676,4142
201601,"2016","02","Aragón","44","Teruel",0,12959,577,2667,2994,583,3321,2817,1098,2205,1265,7700,691
201602,"2016","02","Aragón","44","Teruel",0,12639,589,2546,2906,592,3221,2785,1009,2156,1244,7519,711
201603,"2016","02","Aragón","44","Teruel",0,12301,591,2447,2876,598,3055,2734,1015,2129,1251,7194,712
201604,"2016","02","Aragón","44","Teruel",0,11977,590,2296,2798,585,3013,2695,942,2065,1150,7100,720
201605,"2016","02","Aragón","44","Teruel",0,11409,564,2081,2675,582,2883,2624,715,2045,1081,6852,716
201606,"2016","02","Aragón","44","Teruel",0,11293,588,2008,2568,594,2887,2648,698,1983,997,6858,757
201607,"2016","02","Aragón","44","Teruel",0,10761,523,1912,2507,514,2717,2588,681,1944,977,6438,721
201608,"2016","02","Aragón","44","Teruel",0,10616,524,1899,2508,477,2653,2555,755,1907,969,6301,684
201609,"2016","02","Aragón","44","Teruel",0,10789,504,1938,2487,531,2751,2578,722,1915,929,6540,683
201610,"2016","02","Aragón","44","Teruel",0,11121,528,2012,2558,535,2852,2636,818,1956,908,6764,675
201611,"2016","02","Aragón","44","Teruel",0,11551,551,2137,2601,530,2988,2744,1019,1973,900,6993,666
201612,"2016","02","Aragón","44","Teruel",0,11345,489,2148,2634,474,2872,2728,1024,1955,971,6797,598
201601,"2016","08","Castilla - La Mancha","45","Toledo",0,93914,4943,16408,19164,4837,25692,22870,6823,10871,9369,59258,7593
201602,"2016","08","Castilla - La Mancha","45","Toledo",0,95264,5153,16997,19532,4953,25680,22949,7723,10808,9372,59541,7820
201603,"2016","08","Castilla - La Mancha","45","Toledo",0,93647,5004,16518,19399,4752,25065,22909,7848,10702,9205,58197,7695
201604,"2016","08","Castilla - La Mancha","45","Toledo",0,90290,4840,15584,18717,4578,24106,22465,7635,10452,8755,55882,7566
201605,"2016","08","Castilla - La Mancha","45","Toledo",0,86240,4563,14302,18008,4371,22971,22025,7034,10167,8248,53437,7354
201606,"2016","08","Castilla - La Mancha","45","Toledo",0,84039,4394,13322,17201,4390,22586,22146,6586,9581,7681,52816,7375
201607,"2016","08","Castilla - La Mancha","45","Toledo",0,82538,4085,12952,16673,4040,22650,22138,6297,9243,7402,52464,7132
201608,"2016","08","Castilla - La Mancha","45","Toledo",0,82385,4048,13002,16617,3996,22753,21969,6032,9169,7446,52714,7024
201609,"2016","08","Castilla - La Mancha","45","Toledo",0,80589,3892,12415,15981,4098,22515,21688,4728,9051,7158,52671,6981
201610,"2016","08","Castilla - La Mancha","45","Toledo",0,84910,4235,13454,17151,4240,23571,22259,6434,9321,7212,54873,7070
201611,"2016","08","Castilla - La Mancha","45","Toledo",0,86322,4221,13641,17346,4243,24050,22821,6354,9417,7318,56195,7038
201612,"2016","08","Castilla - La Mancha","45","Toledo",0,85543,3968,13661,17494,3977,23571,22872,5779,9764,7720,55517,6763
201601,"2016","10","Comunitat Valenciana","46","Valencia/Valéncia",0,295336,12767,55063,65752,11732,72948,77074,13173,39548,24324,201298,16993
201602,"2016","10","Comunitat Valenciana","46","Valencia/Valéncia",0,298510,13161,55542,66161,12156,73366,78124,14552,39141,23782,203610,17425
201603,"2016","10","Comunitat Valenciana","46","Valencia/Valéncia",0,295598,12938,54735,66615,11765,71496,78049,15377,38863,23926,200136,17296
201604,"2016","10","Comunitat Valenciana","46","Valencia/Valéncia",0,294645,12987,53660,66141,11876,71398,78583,15674,38376,23404,199737,17454
201605,"2016","10","Comunitat Valenciana","46","Valencia/Valéncia",0,296381,12847,53551,67171,11654,71164,79994,18079,38027,22959,200086,17230
201606,"2016","10","Comunitat Valenciana","46","Valencia/Valéncia",0,301659,13038,53370,67499,11917,72173,83662,20296,37287,22441,204157,17478
201607,"2016","10","Comunitat Valenciana","46","Valencia/Valéncia",0,300365,12201,52065,66631,11193,72857,85418,19171,36502,21941,205792,16959
201608,"2016","10","Comunitat Valenciana","46","Valencia/Valéncia",0,302968,11736,53472,67471,10925,73647,85717,18012,37605,22681,208474,16196
201609,"2016","10","Comunitat Valenciana","46","Valencia/Valéncia",0,293329,12006,50708,64691,11474,72095,82355,13854,37294,22020,203810,16351
201610,"2016","10","Comunitat Valenciana","46","Valencia/Valéncia",0,276504,11261,46942,61750,11091,68175,77285,10917,36390,21272,191933,15992
201611,"2016","10","Comunitat Valenciana","46","Valencia/Valéncia",0,267384,10826,44961,60252,10579,65448,75318,9986,34990,20637,186053,15718
201612,"2016","10","Comunitat Valenciana","46","Valencia/Valéncia",0,261828,10124,44446,60142,9726,63255,74135,9534,34738,20640,181848,15068
201601,"2016","07","Castilla y León","47","Valladolid",0,51755,2387,9329,11378,2290,12425,13946,4257,4772,4337,33243,5146
201602,"2016","07","Castilla y León","47","Valladolid",0,51790,2425,9290,11321,2312,12396,14046,4246,4847,4214,33321,5162
201603,"2016","07","Castilla y León","47","Valladolid",0,51090,2450,8992,11149,2289,12233,13977,4093,4796,4166,32895,5140
201604,"2016","07","Castilla y León","47","Valladolid",0,50422,2476,8740,10939,2251,12059,13957,3998,4748,3982,32545,5149
201605,"2016","07","Castilla y León","47","Valladolid",0,48428,2323,8236,10441,2131,11633,13664,3572,4643,3708,31450,5055
201606,"2016","07","Castilla y León","47","Valladolid",0,47228,2305,7746,10087,2140,11290,13660,3364,4442,3490,30738,5194
201607,"2016","07","Castilla y León","47","Valladolid",0,46573,2233,7527,9831,2026,11256,13700,3284,4297,3362,30594,5036
201608,"2016","07","Castilla y León","47","Valladolid",0,46595,2159,7647,9796,2035,11255,13703,3362,4337,3390,30582,4924
201609,"2016","07","Castilla y León","47","Valladolid",0,46176,2160,7484,9712,2137,11144,13539,3115,4284,3339,30536,4902
201610,"2016","07","Castilla y León","47","Valladolid",0,46088,2156,7618,9844,2076,10925,13469,3815,4250,3266,30014,4743
201611,"2016","07","Castilla y León","47","Valladolid",0,46375,2173,7801,9961,2070,10959,13411,3959,4249,3242,30230,4695
201612,"2016","07","Castilla y León","47","Valladolid",0,46076,2069,8025,10160,1892,10644,13286,3782,4414,3462,29893,4525
201601,"2016","16","País Vasco","48","Bizkaia",0,150415,5361,34912,29780,5069,41091,34202,2531,17602,14481,102283,13518
201602,"2016","16","País Vasco","48","Bizkaia",0,147067,5205,33781,29357,4907,39970,33847,2504,17092,14225,99896,13350
201603,"2016","16","País Vasco","48","Bizkaia",0,147788,5291,33744,29340,5030,40370,34013,2407,17029,14248,100730,13374
201604,"2016","16","País Vasco","48","Bizkaia",0,147745,5280,33499,29555,5038,40227,34146,2423,16937,14208,100771,13406
201605,"2016","16","País Vasco","48","Bizkaia",0,146213,5177,32859,29412,4927,39773,34065,2386,16720,14027,99736,13344
201606,"2016","16","País Vasco","48","Bizkaia",0,148497,5449,32563,29415,5081,40266,35723,2412,16592,13874,102065,13554
201607,"2016","16","País Vasco","48","Bizkaia",0,148434,5316,32116,29290,5026,40195,36491,2422,16278,13646,102651,13437
201608,"2016","16","País Vasco","48","Bizkaia",0,146160,4930,31383,29008,4845,39663,36331,2437,15989,13400,101315,13019
201609,"2016","16","País Vasco","48","Bizkaia",0,147242,5095,31993,29074,5070,40401,35609,2396,16113,13418,101961,13354
201610,"2016","16","País Vasco","48","Bizkaia",0,147336,5320,32128,29068,5087,40464,35269,2400,16199,13336,101960,13441
201611,"2016","16","País Vasco","48","Bizkaia",0,147709,5473,32262,29046,5150,40392,35386,2429,16189,13148,102345,13598
201612,"2016","16","País Vasco","48","Bizkaia",0,147227,5279,32501,29265,4957,40039,35186,2548,16418,13218,101712,13331
201601,"2016","07","Castilla y León","49","Zamora",0,19896,912,3601,5120,804,4533,4926,1665,1656,2581,12149,1845
201602,"2016","07","Castilla y León","49","Zamora",0,19854,915,3582,5061,803,4539,4954,1628,1714,2531,12129,1852
201603,"2016","07","Castilla y León","49","Zamora",0,19430,902,3455,4989,786,4403,4895,1609,1673,2477,11822,1849
201604,"2016","07","Castilla y León","49","Zamora",0,19072,898,3417,4836,757,4308,4856,1571,1642,2353,11627,1879
201605,"2016","07","Castilla y León","49","Zamora",0,18309,876,3145,4584,758,4185,4761,1392,1512,2201,11304,1900
201606,"2016","07","Castilla y León","49","Zamora",0,17704,821,2886,4441,731,4076,4749,1331,1493,2054,10957,1869
201607,"2016","07","Castilla y León","49","Zamora",0,16997,748,2665,4222,686,3935,4741,1162,1425,1887,10719,1804
201608,"2016","07","Castilla y León","49","Zamora",0,16507,717,2635,4035,637,3874,4609,1121,1376,1787,10532,1691
201609,"2016","07","Castilla y León","49","Zamora",0,16476,739,2608,3948,706,3944,4531,974,1397,1698,10712,1695
201610,"2016","07","Castilla y León","49","Zamora",0,16745,766,2686,4064,719,3938,4572,1217,1381,1666,10788,1693
201611,"2016","07","Castilla y León","49","Zamora",0,17294,812,2835,4246,718,4018,4665,1381,1423,1708,11109,1673
201612,"2016","07","Castilla y León","49","Zamora",0,17217,754,2991,4473,628,3780,4591,1392,1465,1987,10812,1561
201601,"2016","02","Aragón","50","Zaragoza",0,94386,4491,18230,19218,4332,24472,23643,5380,12622,6898,61616,7870
201602,"2016","02","Aragón","50","Zaragoza",0,92793,4583,17676,18962,4390,23754,23428,5435,11996,6815,60589,7958
201603,"2016","02","Aragón","50","Zaragoza",0,91590,4590,17478,18834,4300,23081,23307,5583,11753,6698,59563,7993
201604,"2016","02","Aragón","50","Zaragoza",0,90637,4391,17045,18819,4194,22853,23335,5126,12427,6419,58727,7938
201605,"2016","02","Aragón","50","Zaragoza",0,88019,4261,16044,18170,4037,22341,23166,4178,12403,6194,57472,7772
201606,"2016","02","Aragón","50","Zaragoza",0,86719,4105,15044,17448,4046,22106,23970,3543,11901,5873,57628,7774
201607,"2016","02","Aragón","50","Zaragoza",0,86247,3929,14724,17339,3785,21894,24576,4003,11371,5687,57768,7418
201608,"2016","02","Aragón","50","Zaragoza",0,86537,3882,15003,17480,3793,22003,24376,4116,11466,5759,57919,7277
201609,"2016","02","Aragón","50","Zaragoza",0,86711,4247,15324,17612,3973,22113,23442,4457,11689,5795,57339,7431
201610,"2016","02","Aragón","50","Zaragoza",0,86852,4208,15622,17765,3940,22060,23257,5227,11695,5669,57022,7239
201611,"2016","02","Aragón","50","Zaragoza",0,87642,4372,15826,17822,3927,22234,23461,5551,11630,5607,57634,7220
201612,"2016","02","Aragón","50","Zaragoza",0,86536,4040,16055,17963,3552,21777,23149,5303,11880,5740,56809,6804
201601,"2016","18","Ceuta","51","Ceuta",0,14827,1254,2838,2275,1316,4236,2908,87,656,922,10243,2919
201602,"2016","18","Ceuta","51","Ceuta",0,15020,1288,2836,2284,1351,4322,2939,90,652,909,10406,2963
201603,"2016","18","Ceuta","51","Ceuta",0,15212,1303,2866,2323,1379,4353,2988,94,664,925,10499,3030
201604,"2016","18","Ceuta","51","Ceuta",0,15588,1318,2988,2359,1416,4494,3013,94,665,913,10828,3088
201605,"2016","18","Ceuta","51","Ceuta",0,15380,1280,2939,2330,1379,4442,3010,85,738,907,10663,2987
201606,"2016","18","Ceuta","51","Ceuta",0,15191,1236,2883,2314,1344,4389,3025,83,727,905,10515,2961
201607,"2016","18","Ceuta","51","Ceuta",0,15517,1208,2917,2385,1328,4574,3105,79,690,893,10978,2877
201608,"2016","18","Ceuta","51","Ceuta",0,14835,1137,2798,2273,1286,4351,2990,77,644,837,10546,2731
201609,"2016","18","Ceuta","51","Ceuta",0,14835,1152,2783,2250,1315,4380,2955,77,650,803,10549,2756
201610,"2016","18","Ceuta","51","Ceuta",0,14684,1166,2788,2238,1311,4292,2889,77,653,804,10401,2749
201611,"2016","18","Ceuta","51","Ceuta",0,14573,1172,2768,2210,1293,4252,2878,77,731,784,10237,2744
201612,"2016","18","Ceuta","51","Ceuta",0,14335,1137,2704,2204,1282,4161,2847,95,709,792,10027,2712
201601,"2016","19","Melilla","52","Melilla",0,15122,1358,2485,2482,1538,4280,2979,172,230,1234,9911,3575
201602,"2016","19","Melilla","52","Melilla",0,14715,1242,2423,2500,1381,4190,2979,169,218,1207,9741,3380
201603,"2016","19","Melilla","52","Melilla",0,14750,1242,2424,2529,1384,4182,2989,165,223,1220,9772,3370
201604,"2016","19","Melilla","52","Melilla",0,14834,1271,2430,2474,1429,4226,3004,160,221,1198,9841,3414
201605,"2016","19","Melilla","52","Melilla",0,14442,1240,2350,2357,1418,4159,2918,151,207,1110,9637,3337
201606,"2016","19","Melilla","52","Melilla",0,14748,1258,2397,2385,1460,4299,2949,150,200,1134,9946,3318
201607,"2016","19","Melilla","52","Melilla",0,14479,1212,2307,2349,1383,4252,2976,146,194,1121,9828,3190
201608,"2016","19","Melilla","52","Melilla",0,14325,1170,2264,2338,1360,4231,2962,144,208,1109,9704,3160
201609,"2016","19","Melilla","52","Melilla",0,14262,1214,2283,2326,1398,4157,2884,130,204,1099,9645,3184
201610,"2016","19","Melilla","52","Melilla",0,14271,1213,2268,2330,1360,4193,2907,139,209,1065,9700,3158
201611,"2016","19","Melilla","52","Melilla",0,14108,1189,2231,2299,1358,4146,2885,136,207,1026,9572,3167
201612,"2016","19","Melilla","52","Melilla",0,14112,1143,2272,2407,1264,4127,2899,140,211,1012,9799,2950
