"Cod mes","anio","Cod CA","Comunidad Aut","Cod provincia","Provincia","mes","total Paro Registrado","Paro hombre edad < 25","Paro hombre edad 25 -45","Paro hombre edad >=45","Paro mujer edad < 25","Paro mujer edad 25 -45","Paro mujer edad >=45","Paro Agricultura","Paro Industria","Paro Construcción","Paro Servicios","Paro Sin empleo Anterior"
201101,"2011","16","País Vasco","01","Araba/Álava",0,21916,959,5993,3601,884,5994,4485,435,3749,2646,13760,1326
201102,"2011","16","País Vasco","01","Araba/Álava",0,22247,1055,6043,3614,910,6068,4557,463,3759,2628,13984,1413
201103,"2011","16","País Vasco","01","Araba/Álava",0,24894,1937,6448,3820,1355,6507,4827,557,3829,2703,14866,2939
201104,"2011","16","País Vasco","01","Araba/Álava",0,23433,1429,6365,3676,1096,6258,4609,528,3754,2763,14311,2077
201105,"2011","16","País Vasco","01","Araba/Álava",0,22181,1104,5890,3528,908,6104,4647,495,3546,2594,13821,1725
201106,"2011","16","País Vasco","01","Araba/Álava",0,21842,968,5811,3484,805,6124,4650,508,3469,2549,13585,1731
201107,"2011","16","País Vasco","01","Araba/Álava",0,21425,962,5652,3368,808,6079,4556,496,3403,2500,13287,1739
201108,"2011","16","País Vasco","01","Araba/Álava",0,21856,978,5931,3487,858,6146,4456,505,3501,2617,13486,1747
201109,"2011","16","País Vasco","01","Araba/Álava",0,22009,993,5816,3488,913,6225,4574,434,3539,2554,13672,1810
201110,"2011","16","País Vasco","01","Araba/Álava",0,22057,1030,5885,3507,916,6189,4530,493,3609,2568,13510,1877
201111,"2011","16","País Vasco","01","Araba/Álava",0,22445,1079,6053,3562,912,6266,4573,514,3702,2621,13686,1922
201112,"2011","16","País Vasco","01","Araba/Álava",0,22368,980,6241,3664,832,6135,4516,501,3766,2712,13520,1869
201101,"2011","08","Castilla - La Mancha","02","Albacete",0,43927,3388,9779,6548,2862,12532,8818,2958,5761,7207,24156,3845
201102,"2011","08","Castilla - La Mancha","02","Albacete",0,44431,3105,10083,6701,2600,12903,9039,3160,5834,7246,24522,3669
201103,"2011","08","Castilla - La Mancha","02","Albacete",0,44958,3222,10372,6853,2649,13085,8777,3256,5952,7207,24858,3685
201104,"2011","08","Castilla - La Mancha","02","Albacete",0,44587,3154,10201,6919,2624,13055,8634,3210,5951,7181,24728,3517
201105,"2011","08","Castilla - La Mancha","02","Albacete",0,43904,3158,9733,6801,2695,12866,8651,2960,5834,7037,24443,3630
201106,"2011","08","Castilla - La Mancha","02","Albacete",0,43061,3120,9388,6652,2741,12471,8689,2891,5622,6830,23948,3770
201107,"2011","08","Castilla - La Mancha","02","Albacete",0,42463,3103,9409,6718,2674,12005,8554,2935,5512,6868,23403,3745
201108,"2011","08","Castilla - La Mancha","02","Albacete",0,43165,3111,9633,7004,2674,12047,8696,2884,5660,7071,23870,3680
201109,"2011","08","Castilla - La Mancha","02","Albacete",0,43515,3080,9409,6894,2870,12430,8832,2613,5497,6810,24808,3787
201110,"2011","08","Castilla - La Mancha","02","Albacete",0,46000,3414,10163,7326,3030,12915,9152,3624,5801,6889,25873,3813
201111,"2011","08","Castilla - La Mancha","02","Albacete",0,46354,3416,10194,7434,3022,12962,9326,3564,5939,6930,26104,3817
201112,"2011","08","Castilla - La Mancha","02","Albacete",0,46594,3340,10518,7617,2900,12908,9311,3407,6057,7318,26150,3662
201101,"2011","10","Comunitat Valenciana","03","Alicante/Alacant",0,207440,11279,54293,38274,8800,53157,41637,5151,37699,38074,109881,16635
201102,"2011","10","Comunitat Valenciana","03","Alicante/Alacant",0,210546,11828,54609,38447,9441,53988,42233,5401,37687,38213,111801,17444
201103,"2011","10","Comunitat Valenciana","03","Alicante/Alacant",0,212114,12092,54689,38706,9674,54162,42791,5603,37867,38451,112306,17887
201104,"2011","10","Comunitat Valenciana","03","Alicante/Alacant",0,210275,11750,53938,38972,9477,53186,42952,5509,38294,38615,109986,17871
201105,"2011","10","Comunitat Valenciana","03","Alicante/Alacant",0,206316,11169,52227,38621,9205,52302,42792,5402,37424,37686,108291,17513
201106,"2011","10","Comunitat Valenciana","03","Alicante/Alacant",0,202581,10638,50460,38608,8556,51624,42695,5580,36427,37307,106400,16867
201107,"2011","10","Comunitat Valenciana","03","Alicante/Alacant",0,197655,9992,48804,38446,8120,50051,42242,5723,35750,36736,103006,16440
201108,"2011","10","Comunitat Valenciana","03","Alicante/Alacant",0,201089,9899,50011,39587,8236,50643,42713,5750,37330,37325,104391,16293
201109,"2011","10","Comunitat Valenciana","03","Alicante/Alacant",0,205339,10765,50568,39780,9154,51671,43401,5521,36925,36835,109065,16993
201110,"2011","10","Comunitat Valenciana","03","Alicante/Alacant",0,208914,11190,51352,40606,9359,52153,44254,5564,37295,36583,112420,17052
201111,"2011","10","Comunitat Valenciana","03","Alicante/Alacant",0,212938,11554,52295,41236,9638,53263,44952,5598,37193,36664,116276,17207
201112,"2011","10","Comunitat Valenciana","03","Alicante/Alacant",0,214734,11223,53438,42036,9281,53292,45464,5718,37580,37054,117622,16760
201101,"2011","01","Andalucía","04","Almería",0,70170,4091,21655,12753,3219,18856,9596,5299,4796,17512,34014,8549
201102,"2011","01","Andalucía","04","Almería",0,71437,4344,22012,12734,3472,19184,9691,5658,4862,17534,34540,8843
201103,"2011","01","Andalucía","04","Almería",0,73177,4543,22356,12899,3759,19662,9958,6114,4973,17681,35332,9077
201104,"2011","01","Andalucía","04","Almería",0,73012,4483,22159,12892,3790,19611,10077,6233,5020,17716,35206,8837
201105,"2011","01","Andalucía","04","Almería",0,72904,4372,21411,12940,3845,19955,10381,6454,4978,17346,35503,8623
201106,"2011","01","Andalucía","04","Almería",0,74179,4144,21279,13142,3859,20792,10963,6849,5094,17148,36860,8228
201107,"2011","01","Andalucía","04","Almería",0,74878,4096,21741,13434,3818,20698,11091,6893,5168,17243,37510,8064
201108,"2011","01","Andalucía","04","Almería",0,75591,3995,21883,13898,3735,20911,11169,6620,5244,17568,38377,7782
201109,"2011","01","Andalucía","04","Almería",0,75115,4163,21268,13876,3867,20727,11214,6265,5261,17389,38070,8130
201110,"2011","01","Andalucía","04","Almería",0,74679,4175,21113,13882,3847,20440,11222,6146,5231,17344,37663,8295
201111,"2011","01","Andalucía","04","Almería",0,73077,4162,20648,13835,3683,19714,11035,5927,5204,17175,36441,8330
201112,"2011","01","Andalucía","04","Almería",0,72243,4068,20869,14122,3467,18952,10765,5868,5283,17397,35385,8310
201101,"2011","07","Castilla y León","05","Ávila",0,15914,1190,3887,3227,890,4066,2654,806,1453,4175,7141,2339
201102,"2011","07","Castilla y León","05","Ávila",0,16075,1264,3846,3167,972,4133,2693,799,1441,4108,7223,2504
201103,"2011","07","Castilla y León","05","Ávila",0,15509,1054,3727,3107,858,4086,2677,772,1390,3968,7005,2374
201104,"2011","07","Castilla y León","05","Ávila",0,15256,1021,3579,3121,841,4008,2686,745,1379,3871,6971,2290
201105,"2011","07","Castilla y León","05","Ávila",0,15040,998,3394,3120,868,3928,2732,730,1379,3721,6904,2306
201106,"2011","07","Castilla y León","05","Ávila",0,14509,970,3184,3045,834,3792,2684,690,1325,3590,6621,2283
201107,"2011","07","Castilla y León","05","Ávila",0,13924,904,3029,2933,823,3623,2612,632,1265,3470,6365,2192
201108,"2011","07","Castilla y León","05","Ávila",0,14267,924,3132,3046,802,3712,2651,650,1301,3583,6583,2150
201109,"2011","07","Castilla y León","05","Ávila",0,15450,1120,3434,3247,947,3907,2795,661,1374,3891,7196,2328
201110,"2011","07","Castilla y León","05","Ávila",0,15822,1123,3540,3348,960,3965,2886,696,1379,3948,7478,2321
201111,"2011","07","Castilla y León","05","Ávila",0,15916,1143,3620,3462,932,3902,2857,818,1369,4068,7390,2271
201112,"2011","07","Castilla y León","05","Ávila",0,16293,1132,3876,3653,894,3881,2857,837,1426,4366,7444,2220
201101,"2011","11","Extremadura","06","Badajoz",0,81008,5958,15997,11591,5670,22557,19235,5045,5808,11468,48841,9846
201102,"2011","11","Extremadura","06","Badajoz",0,81653,6126,15929,11583,5961,22805,19249,5142,5841,11332,49212,10126
201103,"2011","11","Extremadura","06","Badajoz",0,82070,6319,15846,11599,6078,22957,19271,5216,5837,11275,49364,10378
201104,"2011","11","Extremadura","06","Badajoz",0,80098,5952,15272,11492,5897,22480,19005,4643,5708,11069,48493,10185
201105,"2011","11","Extremadura","06","Badajoz",0,77894,5736,14511,11327,5586,21825,18909,4252,5462,10339,47736,10105
201106,"2011","11","Extremadura","06","Badajoz",0,78569,5876,14202,11400,5603,22277,19211,4375,5360,9925,48445,10464
201107,"2011","11","Extremadura","06","Badajoz",0,78092,5886,14177,11448,5706,21871,19004,4783,5093,9838,47750,10628
201108,"2011","11","Extremadura","06","Badajoz",0,79478,6030,14510,11637,5948,22253,19100,5068,5174,10022,48567,10647
201109,"2011","11","Extremadura","06","Badajoz",0,82404,6358,14873,11761,6615,23278,19519,5558,5514,9770,50687,10875
201110,"2011","11","Extremadura","06","Badajoz",0,87600,7157,16392,12430,7186,24276,20159,6601,6002,10117,54004,10876
201111,"2011","11","Extremadura","06","Badajoz",0,88295,7080,16890,12824,7010,24219,20272,6346,5985,10511,55021,10432
201112,"2011","11","Extremadura","06","Badajoz",0,88534,6841,17739,13431,6626,23735,20162,6415,6225,11432,54403,10059
201101,"2011","04","Balears, Illes","07","Balears, Illes",0,90726,6421,26074,15151,5316,24713,13051,904,4621,16543,65364,3294
201102,"2011","04","Balears, Illes","07","Balears, Illes",0,89662,6165,25575,15007,5255,24561,13099,947,4598,16447,64221,3449
201103,"2011","04","Balears, Illes","07","Balears, Illes",0,88127,5988,24768,14912,5179,24173,13107,1002,4490,16345,62691,3599
201104,"2011","04","Balears, Illes","07","Balears, Illes",0,82626,5624,23016,14605,4981,21825,12575,950,4305,16452,57144,3775
201105,"2011","04","Balears, Illes","07","Balears, Illes",0,75772,5206,20926,13964,4564,19177,11935,857,4087,16262,50745,3821
201106,"2011","04","Balears, Illes","07","Balears, Illes",0,71494,4594,20216,13816,3562,17657,11649,826,3903,16497,46597,3671
201107,"2011","04","Balears, Illes","07","Balears, Illes",0,70980,4402,20421,14048,3418,17131,11560,841,3899,17180,45434,3626
201108,"2011","04","Balears, Illes","07","Balears, Illes",0,71365,4222,20782,14472,3320,17007,11562,804,3984,17851,45237,3489
201109,"2011","04","Balears, Illes","07","Balears, Illes",0,76067,4967,21896,14676,4148,18439,11941,850,4178,17402,49956,3681
201110,"2011","04","Balears, Illes","07","Balears, Illes",0,86924,6032,24903,15571,5244,22116,13058,1017,4418,17274,60420,3795
201111,"2011","04","Balears, Illes","07","Balears, Illes",0,97320,7048,27486,16592,6217,25684,14293,1028,4661,16636,71065,3930
201112,"2011","04","Balears, Illes","07","Balears, Illes",0,98087,6747,27991,17039,5996,25785,14529,1060,4795,16725,71744,3763
201101,"2011","09","Cataluña","08","Barcelona",0,436194,20240,122517,83553,14689,107998,87197,3477,77323,67531,264401,23462
201102,"2011","09","Cataluña","08","Barcelona",0,446284,21856,124670,84722,15771,110525,88740,3673,78002,68643,271329,24637
201103,"2011","09","Cataluña","08","Barcelona",0,453767,23319,125901,85800,16668,111885,90194,3843,78226,69940,275940,25818
201104,"2011","09","Cataluña","08","Barcelona",0,449861,22353,124152,85800,16186,110731,90639,3949,77470,70094,272953,25395
201105,"2011","09","Cataluña","08","Barcelona",0,445923,21546,121497,85925,15902,109981,91072,3894,75947,69415,271426,25241
201106,"2011","09","Cataluña","08","Barcelona",0,434688,19411,116903,85050,14570,107719,91035,3946,73662,67985,264739,24356
201107,"2011","09","Cataluña","08","Barcelona",0,431657,18946,114352,84969,14691,107367,91332,3873,72531,67275,264014,23964
201108,"2011","09","Cataluña","08","Barcelona",0,442820,18945,117391,87082,15227,111055,93120,3560,74081,68818,272794,23567
201109,"2011","09","Cataluña","08","Barcelona",0,450142,21700,119673,88115,16955,110393,93306,3943,74723,69061,276825,25590
201110,"2011","09","Cataluña","08","Barcelona",0,457129,20959,122969,90002,16045,112268,94886,4321,75480,69608,282946,24774
201111,"2011","09","Cataluña","08","Barcelona",0,456770,21813,122367,90185,16301,111126,94978,4177,74554,69003,283744,25292
201112,"2011","09","Cataluña","08","Barcelona",0,454961,19990,123708,91724,14826,109691,95022,4077,74866,69896,282776,23346
201101,"2011","07","Castilla y León","09","Burgos",0,27158,1640,6644,4957,1210,7148,5559,970,4875,4924,13699,2690
201102,"2011","07","Castilla y León","09","Burgos",0,27535,1713,6664,4893,1337,7267,5661,974,4862,4923,13932,2844
201103,"2011","07","Castilla y León","09","Burgos",0,27385,1659,6529,4901,1319,7273,5704,962,4852,4835,13906,2830
201104,"2011","07","Castilla y León","09","Burgos",0,26950,1552,6458,4888,1288,7067,5697,940,4854,4783,13571,2802
201105,"2011","07","Castilla y León","09","Burgos",0,26104,1471,6090,4815,1194,6866,5668,863,4761,4512,13150,2818
201106,"2011","07","Castilla y León","09","Burgos",0,24888,1417,5702,4704,1137,6533,5395,889,4501,4319,12404,2775
201107,"2011","07","Castilla y León","09","Burgos",0,24180,1384,5496,4637,1164,6264,5235,860,4298,4165,12056,2801
201108,"2011","07","Castilla y León","09","Burgos",0,24519,1385,5573,4666,1189,6475,5231,884,4404,4153,12349,2729
201109,"2011","07","Castilla y León","09","Burgos",0,25159,1496,5532,4707,1330,6624,5470,718,4453,4122,13044,2822
201110,"2011","07","Castilla y León","09","Burgos",0,26417,1655,5913,4884,1385,6816,5764,1027,4561,4336,13762,2731
201111,"2011","07","Castilla y León","09","Burgos",0,27109,1640,6217,5085,1363,6959,5845,1088,4656,4526,14161,2678
201112,"2011","07","Castilla y León","09","Burgos",0,28011,1640,6816,5435,1261,6997,5862,1134,4950,5006,14335,2586
201101,"2011","11","Extremadura","10","Cáceres",0,41171,3207,8840,7063,2891,11530,7640,2209,3519,8394,23751,3298
201102,"2011","11","Extremadura","10","Cáceres",0,41601,3298,8893,7101,3001,11625,7683,2215,3558,8439,24006,3383
201103,"2011","11","Extremadura","10","Cáceres",0,41952,3426,8944,7213,3087,11624,7658,2284,3571,8591,23971,3535
201104,"2011","11","Extremadura","10","Cáceres",0,40988,3298,8814,7200,2949,11229,7498,2228,3472,8636,23166,3486
201105,"2011","11","Extremadura","10","Cáceres",0,39430,3063,8285,6997,2797,10831,7457,1979,3204,8208,22601,3438
201106,"2011","11","Extremadura","10","Cáceres",0,39321,3004,7987,6954,2784,11052,7540,1997,3099,7910,22816,3499
201107,"2011","11","Extremadura","10","Cáceres",0,39024,2999,8030,7098,2853,10671,7373,2102,2959,7965,22414,3584
201108,"2011","11","Extremadura","10","Cáceres",0,40115,3085,8324,7261,2916,11029,7500,2101,3087,8042,23269,3616
201109,"2011","11","Extremadura","10","Cáceres",0,42646,3401,8659,7513,3333,11846,7894,2142,3276,8180,25270,3778
201110,"2011","11","Extremadura","10","Cáceres",0,45150,3692,9276,7730,3621,12552,8279,2315,3616,8372,27019,3828
201111,"2011","11","Extremadura","10","Cáceres",0,45987,3750,9779,8012,3528,12534,8384,2432,3764,8675,27517,3599
201112,"2011","11","Extremadura","10","Cáceres",0,46864,3716,10439,8512,3366,12410,8421,2435,4014,9447,27430,3538
201101,"2011","01","Andalucía","11","Cádiz",0,179867,10836,46432,28024,9283,49258,36034,5067,14563,37978,88697,33562
201102,"2011","01","Andalucía","11","Cádiz",0,182010,11420,46177,28016,10048,49971,36378,5195,14493,37712,89869,34741
201103,"2011","01","Andalucía","11","Cádiz",0,181856,11604,45499,28025,10281,49857,36590,5221,14310,37468,89558,35299
201104,"2011","01","Andalucía","11","Cádiz",0,177326,11067,44300,27889,9770,48023,36277,5090,14147,37044,86674,34371
201105,"2011","01","Andalucía","11","Cádiz",0,173289,10379,42721,27651,9302,46933,36303,5028,13835,35867,84965,33594
201106,"2011","01","Andalucía","11","Cádiz",0,170118,9881,41172,27779,8650,46184,36452,4949,13477,35406,83463,32823
201107,"2011","01","Andalucía","11","Cádiz",0,166189,9585,40182,27845,8370,44339,35868,4947,13170,35314,80404,32354
201108,"2011","01","Andalucía","11","Cádiz",0,167125,9307,40189,28189,8440,44800,36200,4900,13103,35434,81567,32121
201109,"2011","01","Andalucía","11","Cádiz",0,174916,10358,42454,28563,9454,47170,36917,5150,13328,36371,86374,33693
201110,"2011","01","Andalucía","11","Cádiz",0,181411,10955,44062,29452,10246,48926,37770,5509,13513,37371,90368,34650
201111,"2011","01","Andalucía","11","Cádiz",0,185007,11557,44756,29824,10755,49910,38205,5555,13758,37608,92630,35456
201112,"2011","01","Andalucía","11","Cádiz",0,185202,11285,45927,30671,10339,48917,38063,5705,14075,38991,91508,34923
201101,"2011","10","Comunitat Valenciana","12","Castellón/Castelló",0,59342,3927,18970,10242,2794,16271,7138,1780,11002,12126,30430,4004
201102,"2011","10","Comunitat Valenciana","12","Castellón/Castelló",0,61636,4157,19541,10481,3073,16944,7440,2266,11054,12248,31846,4222
201103,"2011","10","Comunitat Valenciana","12","Castellón/Castelló",0,62391,4252,19748,10680,3181,16955,7575,2491,11015,12408,32181,4296
201104,"2011","10","Comunitat Valenciana","12","Castellón/Castelló",0,61388,4199,19280,10720,3085,16517,7587,2481,10968,12289,31354,4296
201105,"2011","10","Comunitat Valenciana","12","Castellón/Castelló",0,60809,4129,18668,10706,3105,16521,7680,2379,10674,12068,31355,4333
201106,"2011","10","Comunitat Valenciana","12","Castellón/Castelló",0,59686,4034,18116,10646,3097,16011,7782,2404,10423,11876,30642,4341
201107,"2011","10","Comunitat Valenciana","12","Castellón/Castelló",0,57443,3782,17366,10478,2877,15293,7647,2226,10110,11680,29258,4169
201108,"2011","10","Comunitat Valenciana","12","Castellón/Castelló",0,57623,3662,17470,10636,2799,15375,7681,2144,10100,11853,29530,3996
201109,"2011","10","Comunitat Valenciana","12","Castellón/Castelló",0,59892,3924,17853,10792,3128,16269,7926,2097,10082,11702,31821,4190
201110,"2011","10","Comunitat Valenciana","12","Castellón/Castelló",0,60135,3966,17684,10918,3095,16372,8100,2141,10008,11454,32381,4151
201111,"2011","10","Comunitat Valenciana","12","Castellón/Castelló",0,58619,3730,16891,10807,2998,16014,8179,1933,9836,10990,31756,4104
201112,"2011","10","Comunitat Valenciana","12","Castellón/Castelló",0,58357,3584,16950,11013,2826,15695,8289,1872,9951,10925,31592,4017
201101,"2011","08","Castilla - La Mancha","13","Ciudad Real",0,55236,4659,12548,8127,4289,16498,9115,4896,5547,10306,30113,4374
201102,"2011","08","Castilla - La Mancha","13","Ciudad Real",0,56298,4697,12840,8295,4234,16948,9284,5533,5583,10092,30636,4454
201103,"2011","08","Castilla - La Mancha","13","Ciudad Real",0,56160,4656,12794,8224,4206,16953,9327,5461,5716,9948,30481,4554
201104,"2011","08","Castilla - La Mancha","13","Ciudad Real",0,55789,4611,12804,8205,4117,16796,9256,5215,5752,9998,30312,4512
201105,"2011","08","Castilla - La Mancha","13","Ciudad Real",0,54969,4553,12450,7994,4142,16524,9306,5013,5637,9618,30072,4629
201106,"2011","08","Castilla - La Mancha","13","Ciudad Real",0,54289,4541,12114,8091,4140,16035,9368,4886,5414,9508,29791,4690
201107,"2011","08","Castilla - La Mancha","13","Ciudad Real",0,53837,4465,11981,8123,4106,15805,9357,4664,5201,9553,29700,4719
201108,"2011","08","Castilla - La Mancha","13","Ciudad Real",0,53877,4235,12115,8282,4049,15876,9320,4033,5450,9808,30009,4577
201109,"2011","08","Castilla - La Mancha","13","Ciudad Real",0,53518,4116,11537,7999,4222,16120,9524,4183,5176,8872,30564,4723
201110,"2011","08","Castilla - La Mancha","13","Ciudad Real",0,58434,4779,13328,8901,4524,17024,9878,6734,5558,9319,32027,4796
201111,"2011","08","Castilla - La Mancha","13","Ciudad Real",0,59182,4903,13447,9078,4546,17113,10095,6293,5619,9772,32615,4883
201112,"2011","08","Castilla - La Mancha","13","Ciudad Real",0,58648,4659,13455,9274,4303,16878,10079,5465,5814,10584,32095,4690
201101,"2011","01","Andalucía","14","Córdoba",0,79035,5176,19023,12869,4813,22497,14657,4454,10832,13553,38547,11649
201102,"2011","01","Andalucía","14","Córdoba",0,80817,5685,19785,13194,5028,22434,14691,5188,11035,13911,38601,12082
201103,"2011","01","Andalucía","14","Córdoba",0,81454,5853,19970,13517,5059,22294,14761,5725,11104,14008,38482,12135
201104,"2011","01","Andalucía","14","Córdoba",0,80806,5719,19830,13765,4866,21952,14674,5808,11052,14134,37914,11898
201105,"2011","01","Andalucía","14","Córdoba",0,78337,5257,18708,13559,4679,21485,14649,5420,10752,13392,37228,11545
201106,"2011","01","Andalucía","14","Córdoba",0,79691,5394,18770,13815,4901,21941,14870,5624,10724,13447,38109,11787
201107,"2011","01","Andalucía","14","Córdoba",0,81051,5589,19337,14159,5128,22017,14821,5884,10852,13753,38408,12154
201108,"2011","01","Andalucía","14","Córdoba",0,82659,5665,19790,14495,5251,22495,14963,5867,11272,14160,39158,12202
201109,"2011","01","Andalucía","14","Córdoba",0,83747,5869,19728,14495,5515,22849,15291,5720,11263,14152,39882,12730
201110,"2011","01","Andalucía","14","Córdoba",0,85549,5995,20066,14756,5824,23261,15647,5904,11371,14380,40876,13018
201111,"2011","01","Andalucía","14","Córdoba",0,83595,5635,18853,14390,5855,23097,15765,5273,11038,13613,40732,12939
201112,"2011","01","Andalucía","14","Córdoba",0,81781,5260,18587,14507,5461,22432,15534,4710,11049,13697,39920,12405
201101,"2011","12","Galicia","15","Coruña, A",0,96541,4495,23010,17483,3646,28492,19415,2042,13598,16359,53386,11156
201102,"2011","12","Galicia","15","Coruña, A",0,97463,4669,23165,17781,3744,28595,19509,2006,13637,16596,53788,11436
201103,"2011","12","Galicia","15","Coruña, A",0,97803,4752,23019,18009,3814,28530,19679,2064,13680,16564,53998,11497
201104,"2011","12","Galicia","15","Coruña, A",0,96212,4383,22595,18126,3517,27821,19770,2100,13665,16624,52810,11013
201105,"2011","12","Galicia","15","Coruña, A",0,94865,4157,22116,18110,3287,27326,19869,2164,13469,16460,52197,10575
201106,"2011","12","Galicia","15","Coruña, A",0,92323,4117,21345,17908,3052,26250,19651,2155,13019,16025,50872,10252
201107,"2011","12","Galicia","15","Coruña, A",0,88746,3913,20076,17612,2950,25005,19190,1893,12628,15438,48667,10120
201108,"2011","12","Galicia","15","Coruña, A",0,89976,3930,20281,17726,3060,25518,19461,1846,13081,15459,49435,10155
201109,"2011","12","Galicia","15","Coruña, A",0,92540,3862,21020,17974,3294,26551,19839,1941,13383,15865,51101,10250
201110,"2011","12","Galicia","15","Coruña, A",0,95471,4097,22102,18640,3378,26997,20257,2005,13710,16567,52869,10320
201111,"2011","12","Galicia","15","Coruña, A",0,99344,4399,23661,19243,3548,27849,20644,2149,14278,17539,54801,10577
201112,"2011","12","Galicia","15","Coruña, A",0,101652,4402,24847,20297,3438,27854,20814,2272,15087,18921,54923,10449
201101,"2011","08","Castilla - La Mancha","16","Cuenca",0,17198,1345,4314,2705,1035,4831,2968,1495,1622,3186,9660,1235
201102,"2011","08","Castilla - La Mancha","16","Cuenca",0,17381,1351,4311,2727,1061,4955,2976,1508,1662,3141,9854,1216
201103,"2011","08","Castilla - La Mancha","16","Cuenca",0,17496,1363,4386,2644,1128,5153,2822,1576,1689,3074,9910,1247
201104,"2011","08","Castilla - La Mancha","16","Cuenca",0,17387,1329,4346,2664,1126,5136,2786,1493,1698,3018,9940,1238
201105,"2011","08","Castilla - La Mancha","16","Cuenca",0,17194,1282,4245,2642,1138,5054,2833,1468,1675,2931,9830,1290
201106,"2011","08","Castilla - La Mancha","16","Cuenca",0,16611,1231,4025,2646,1065,4877,2767,1401,1589,2816,9507,1298
201107,"2011","08","Castilla - La Mancha","16","Cuenca",0,16331,1212,4065,2671,997,4634,2752,1471,1538,2814,9234,1274
201108,"2011","08","Castilla - La Mancha","16","Cuenca",0,16582,1191,4192,2804,1009,4607,2779,1454,1559,3033,9318,1218
201109,"2011","08","Castilla - La Mancha","16","Cuenca",0,16148,1119,3850,2722,1031,4602,2824,1234,1491,2719,9514,1190
201110,"2011","08","Castilla - La Mancha","16","Cuenca",0,17684,1284,4350,2989,1108,4972,2981,1997,1607,2810,10073,1197
201111,"2011","08","Castilla - La Mancha","16","Cuenca",0,18176,1359,4519,3106,1109,4998,3085,2009,1643,3002,10286,1236
201112,"2011","08","Castilla - La Mancha","16","Cuenca",0,18694,1358,4732,3281,1098,5086,3139,1972,1686,3341,10471,1224
201101,"2011","09","Cataluña","17","Girona",0,57338,3310,17074,10778,2468,14367,9341,1440,7740,11607,33807,2744
201102,"2011","09","Cataluña","17","Girona",0,57903,3437,17121,10770,2612,14430,9533,1517,7741,11450,34194,3001
201103,"2011","09","Cataluña","17","Girona",0,58037,3512,16951,10842,2667,14402,9663,1554,7667,11400,34146,3270
201104,"2011","09","Cataluña","17","Girona",0,54997,3157,15950,10622,2279,13547,9442,1511,7468,11115,31727,3176
201105,"2011","09","Cataluña","17","Girona",0,53905,2983,15428,10602,2203,13351,9338,1430,7289,10951,31087,3148
201106,"2011","09","Cataluña","17","Girona",0,50582,2380,14375,10291,1799,12515,9222,1332,6980,10585,28659,3026
201107,"2011","09","Cataluña","17","Girona",0,49370,2254,14068,10321,1618,11983,9126,1315,6887,10643,27601,2924
201108,"2011","09","Cataluña","17","Girona",0,50911,2263,14594,10636,1718,12468,9232,1223,7014,11076,28712,2886
201109,"2011","09","Cataluña","17","Girona",0,54416,2986,15527,10949,2302,13167,9485,1250,7133,11125,31910,2998
201110,"2011","09","Cataluña","17","Girona",0,57537,3213,16602,11456,2336,14003,9927,1591,7174,11209,34566,2997
201111,"2011","09","Cataluña","17","Girona",0,58634,3248,16906,11745,2405,14185,10145,1645,7179,11173,35646,2991
201112,"2011","09","Cataluña","17","Girona",0,58620,3051,17154,11990,2270,13967,10188,1632,7292,11458,35332,2906
201101,"2011","01","Andalucía","18","Granada",0,92052,5892,26985,15597,5025,26427,12126,4391,6883,21898,47559,11321
201102,"2011","01","Andalucía","18","Granada",0,92995,6117,27374,15708,5191,26380,12225,4734,6961,22071,47666,11563
201103,"2011","01","Andalucía","18","Granada",0,93713,6290,27538,15916,5376,26241,12352,5168,6975,22194,47582,11794
201104,"2011","01","Andalucía","18","Granada",0,92286,6101,27044,15947,5217,25625,12352,5134,6858,22184,46556,11554
201105,"2011","01","Andalucía","18","Granada",0,90995,5862,26186,15882,5114,25471,12480,5133,6722,21618,46054,11468
201106,"2011","01","Andalucía","18","Granada",0,90687,5637,25951,16166,4799,25460,12674,5331,6662,21643,46014,11037
201107,"2011","01","Andalucía","18","Granada",0,90489,5681,25976,16433,4865,24950,12584,5379,6639,21646,45564,11261
201108,"2011","01","Andalucía","18","Granada",0,91511,5609,26375,16806,4879,25168,12674,5307,6769,22022,46246,11167
201109,"2011","01","Andalucía","18","Granada",0,95473,6221,27276,17076,5539,26298,13063,5326,6986,22661,48290,12210
201110,"2011","01","Andalucía","18","Granada",0,99994,6561,28557,17601,6020,27561,13694,5906,7372,23356,50606,12754
201111,"2011","01","Andalucía","18","Granada",0,101946,6773,28589,17880,6266,28306,14132,5864,7410,23427,51859,13386
201112,"2011","01","Andalucía","18","Granada",0,98158,6105,27340,17858,5879,27163,13813,5025,7237,23107,50119,12670
201101,"2011","08","Castilla - La Mancha","19","Guadalajara",0,21562,1354,6191,3230,1109,6754,2924,372,2268,3431,14434,1057
201102,"2011","08","Castilla - La Mancha","19","Guadalajara",0,21960,1414,6227,3257,1175,6865,3022,391,2236,3437,14775,1121
201103,"2011","08","Castilla - La Mancha","19","Guadalajara",0,22062,1443,6316,3221,1169,6988,2925,398,2204,3469,14814,1177
201104,"2011","08","Castilla - La Mancha","19","Guadalajara",0,21449,1387,6059,3139,1145,6839,2880,348,2149,3436,14363,1153
201105,"2011","08","Castilla - La Mancha","19","Guadalajara",0,21194,1320,5877,3084,1174,6838,2901,358,2077,3289,14306,1164
201106,"2011","08","Castilla - La Mancha","19","Guadalajara",0,20594,1230,5598,3087,1067,6678,2934,377,1996,3156,13913,1152
201107,"2011","08","Castilla - La Mancha","19","Guadalajara",0,20050,1139,5360,3050,988,6540,2973,399,1901,3041,13593,1116
201108,"2011","08","Castilla - La Mancha","19","Guadalajara",0,20401,1104,5475,3143,948,6661,3070,385,1948,3065,13973,1030
201109,"2011","08","Castilla - La Mancha","19","Guadalajara",0,21046,1295,5651,3236,1066,6749,3049,371,2028,3142,14377,1128
201110,"2011","08","Castilla - La Mancha","19","Guadalajara",0,21654,1335,5879,3347,1139,6801,3153,415,2017,3255,14821,1146
201111,"2011","08","Castilla - La Mancha","19","Guadalajara",0,21816,1340,5908,3362,1169,6827,3210,427,2042,3306,14888,1153
201112,"2011","08","Castilla - La Mancha","19","Guadalajara",0,22192,1254,6186,3536,1120,6859,3237,419,2063,3521,15099,1090
201101,"2011","16","País Vasco","20","Gipuzkoa",0,41472,1842,10337,7774,1370,10685,9464,404,8542,3960,26331,2235
201102,"2011","16","País Vasco","20","Gipuzkoa",0,41906,1911,10250,7890,1460,10819,9576,408,8425,3967,26772,2334
201103,"2011","16","País Vasco","20","Gipuzkoa",0,43159,2210,10643,7925,1600,11194,9587,415,8518,4111,27644,2471
201104,"2011","16","País Vasco","20","Gipuzkoa",0,43829,2470,10794,7923,1685,11338,9619,462,8514,4184,27696,2973
201105,"2011","16","País Vasco","20","Gipuzkoa",0,42837,2184,10517,7841,1568,11143,9584,465,8358,4139,27026,2849
201106,"2011","16","País Vasco","20","Gipuzkoa",0,41474,1888,10096,7628,1276,11052,9534,468,8016,4050,26078,2862
201107,"2011","16","País Vasco","20","Gipuzkoa",0,40172,1771,9397,7470,1222,10860,9452,451,7662,3901,25357,2801
201108,"2011","16","País Vasco","20","Gipuzkoa",0,40082,1745,9427,7491,1315,10827,9277,436,7774,3912,25212,2748
201109,"2011","16","País Vasco","20","Gipuzkoa",0,40243,1797,9442,7464,1474,10734,9332,443,7617,3972,25349,2862
201110,"2011","16","País Vasco","20","Gipuzkoa",0,40224,1856,9445,7423,1531,10682,9287,451,7619,3918,25297,2939
201111,"2011","16","País Vasco","20","Gipuzkoa",0,41012,1925,9758,7488,1553,10832,9456,471,7717,3989,25759,3076
201112,"2011","16","País Vasco","20","Gipuzkoa",0,41130,1852,10082,7570,1406,10796,9424,480,7882,4171,25597,3000
201101,"2011","01","Andalucía","21","Huelva",0,57483,3519,16507,10065,2924,16112,8356,7359,4190,13082,25723,7129
201102,"2011","01","Andalucía","21","Huelva",0,56049,3694,15905,9976,3017,15180,8277,6661,4247,12636,25280,7225
201103,"2011","01","Andalucía","21","Huelva",0,54512,3684,15338,9913,3018,14416,8143,5972,4265,12308,24799,7168
201104,"2011","01","Andalucía","21","Huelva",0,51925,3383,14306,9860,2710,13624,8042,5390,4372,11832,23568,6763
201105,"2011","01","Andalucía","21","Huelva",0,51408,3144,13772,9807,2629,13848,8208,5743,4354,11407,23259,6645
201106,"2011","01","Andalucía","21","Huelva",0,53433,3145,14423,10077,2596,14626,8566,7230,4710,11671,23284,6538
201107,"2011","01","Andalucía","21","Huelva",0,54310,3257,14789,10370,2609,14671,8614,7733,4832,12081,23081,6583
201108,"2011","01","Andalucía","21","Huelva",0,55666,3228,15171,10641,2708,15170,8748,7704,4957,12387,24022,6596
201109,"2011","01","Andalucía","21","Huelva",0,57456,3529,15455,10707,3280,15584,8901,7261,4874,12504,25642,7175
201110,"2011","01","Andalucía","21","Huelva",0,58201,3695,15430,10791,3430,15706,9149,7168,4807,12492,26570,7164
201111,"2011","01","Andalucía","21","Huelva",0,60162,3870,15930,10979,3637,16351,9395,7612,4834,12853,27480,7383
201112,"2011","01","Andalucía","21","Huelva",0,60539,3785,16444,11337,3442,16147,9384,7639,4835,13437,27399,7229
201101,"2011","02","Aragón","22","Huesca",0,13508,969,3811,2522,725,3574,1907,1026,1602,2689,7500,691
201102,"2011","02","Aragón","22","Huesca",0,13731,1023,3842,2524,736,3624,1982,1074,1585,2705,7647,720
201103,"2011","02","Aragón","22","Huesca",0,13981,984,3890,2578,779,3720,2030,1088,1628,2643,7872,750
201104,"2011","02","Aragón","22","Huesca",0,13869,993,3965,2520,731,3653,2007,1009,1580,2621,7861,798
201105,"2011","02","Aragón","22","Huesca",0,13059,933,3514,2378,747,3540,1947,773,1487,2391,7574,834
201106,"2011","02","Aragón","22","Huesca",0,12778,926,3416,2393,671,3431,1941,827,1482,2371,7236,862
201107,"2011","02","Aragón","22","Huesca",0,12449,868,3311,2369,637,3366,1898,878,1462,2329,6925,855
201108,"2011","02","Aragón","22","Huesca",0,12858,854,3501,2422,657,3500,1924,1004,1536,2400,7106,812
201109,"2011","02","Aragón","22","Huesca",0,13898,992,3750,2506,806,3825,2019,1363,1578,2361,7798,798
201110,"2011","02","Aragón","22","Huesca",0,14174,1000,3855,2595,798,3835,2091,1477,1582,2278,8047,790
201111,"2011","02","Aragón","22","Huesca",0,14510,990,4025,2663,789,3890,2153,1400,1642,2330,8368,770
201112,"2011","02","Aragón","22","Huesca",0,14543,952,4107,2755,736,3855,2138,1286,1696,2538,8256,767
201101,"2011","01","Andalucía","23","Jaén",0,46480,2530,9974,6507,3193,14884,9392,5293,5272,5812,23094,7009
201102,"2011","01","Andalucía","23","Jaén",0,51781,3390,12436,7619,3433,15329,9574,7775,5653,6972,23980,7401
201103,"2011","01","Andalucía","23","Jaén",0,55748,4044,14214,8260,3775,15687,9768,9803,6030,7602,24521,7792
201104,"2011","01","Andalucía","23","Jaén",0,55926,4060,14364,8508,3740,15487,9767,10074,6075,7821,24206,7750
201105,"2011","01","Andalucía","23","Jaén",0,54600,3890,13481,8325,3736,15370,9798,9448,5940,7419,24096,7697
201106,"2011","01","Andalucía","23","Jaén",0,54558,3933,13357,8505,3597,15367,9799,9507,6038,7332,24053,7628
201107,"2011","01","Andalucía","23","Jaén",0,54783,4018,13333,8708,3712,15252,9760,9490,6000,7454,23971,7868
201108,"2011","01","Andalucía","23","Jaén",0,55639,3999,13612,8994,3704,15515,9815,9489,6273,7691,24281,7905
201109,"2011","01","Andalucía","23","Jaén",0,57643,4197,13656,9436,4099,16128,10127,9475,6705,7670,25381,8412
201110,"2011","01","Andalucía","23","Jaén",0,60397,4509,14528,9855,4355,16733,10417,10233,6860,7992,26579,8733
201111,"2011","01","Andalucía","23","Jaén",0,57367,4009,12548,9198,4405,16635,10572,8624,6606,7146,26173,8818
201112,"2011","01","Andalucía","23","Jaén",0,48499,2782,9189,7587,3854,14999,10088,5334,6051,5600,23549,7965
201101,"2011","07","Castilla y León","24","León",0,39754,2641,9986,6983,1924,10580,7640,869,5769,7295,20437,5384
201102,"2011","07","Castilla y León","24","León",0,39893,2749,9781,6817,2061,10820,7665,844,5653,7122,20684,5590
201103,"2011","07","Castilla y León","24","León",0,39902,2647,9766,6785,1994,10966,7744,855,5666,6997,20744,5640
201104,"2011","07","Castilla y León","24","León",0,39029,2633,9486,6702,1933,10634,7641,847,5549,6820,20261,5552
201105,"2011","07","Castilla y León","24","León",0,38278,2588,9044,6668,1869,10471,7638,836,5453,6534,19910,5545
201106,"2011","07","Castilla y León","24","León",0,36449,2456,8416,6422,1800,10006,7349,795,5140,6141,18966,5407
201107,"2011","07","Castilla y León","24","León",0,35608,2384,8270,6385,1763,9596,7210,764,5062,5998,18448,5336
201108,"2011","07","Castilla y León","24","León",0,35925,2350,8369,6409,1818,9783,7196,757,5070,6026,18762,5310
201109,"2011","07","Castilla y León","24","León",0,37406,2542,8563,6544,2055,10293,7409,764,5140,6130,19682,5690
201110,"2011","07","Castilla y León","24","León",0,38727,2600,8996,6630,2155,10670,7676,852,5318,6299,20429,5829
201111,"2011","07","Castilla y León","24","León",0,39401,2708,9335,7027,2064,10525,7742,951,5504,6822,20416,5708
201112,"2011","07","Castilla y León","24","León",0,40001,2530,9893,7563,1911,10362,7742,971,5820,7478,20391,5341
201101,"2011","09","Cataluña","25","Lleida",0,29081,1649,9540,5254,1213,7233,4192,2821,3810,6202,14536,1712
201102,"2011","09","Cataluña","25","Lleida",0,29770,1787,9715,5370,1283,7351,4264,2956,3838,6271,14880,1825
201103,"2011","09","Cataluña","25","Lleida",0,29996,1859,9685,5374,1332,7426,4320,3011,3843,6108,15152,1882
201104,"2011","09","Cataluña","25","Lleida",0,29652,1774,9478,5429,1297,7338,4336,2878,3723,5987,15256,1808
201105,"2011","09","Cataluña","25","Lleida",0,28922,1707,8875,5311,1287,7336,4406,2478,3636,5687,15337,1784
201106,"2011","09","Cataluña","25","Lleida",0,27457,1430,8401,5231,1132,6896,4367,2312,3535,5465,14407,1738
201107,"2011","09","Cataluña","25","Lleida",0,27394,1364,8248,5223,1155,7036,4368,2305,3455,5362,14221,2051
201108,"2011","09","Cataluña","25","Lleida",0,27633,1320,8154,5240,1213,7289,4417,2204,3460,5307,14465,2197
201109,"2011","09","Cataluña","25","Lleida",0,29527,1586,8915,5521,1355,7699,4451,3134,3495,5359,15334,2205
201110,"2011","09","Cataluña","25","Lleida",0,30916,1486,9486,5828,1340,8093,4683,3652,3586,5446,16273,1959
201111,"2011","09","Cataluña","25","Lleida",0,30162,1510,9129,5858,1280,7745,4640,3394,3539,5402,16253,1574
201112,"2011","09","Cataluña","25","Lleida",0,30262,1445,9346,6073,1206,7549,4643,3264,3607,5839,16046,1506
201101,"2011","17","Rioja, La","26","Rioja, La",0,22661,1348,6301,3813,1100,6073,4026,1825,4574,3449,11552,1261
201102,"2011","17","Rioja, La","26","Rioja, La",0,23221,1375,6550,3856,1078,6268,4094,1911,4721,3448,11921,1220
201103,"2011","17","Rioja, La","26","Rioja, La",0,24074,1567,6764,3972,1212,6359,4200,2090,4772,3579,12157,1476
201104,"2011","17","Rioja, La","26","Rioja, La",0,23339,1534,6564,3994,1139,5923,4185,1966,4663,3623,11557,1530
201105,"2011","17","Rioja, La","26","Rioja, La",0,22655,1439,6070,3856,1142,5969,4179,1697,4436,3393,11498,1631
201106,"2011","17","Rioja, La","26","Rioja, La",0,22749,1367,6116,3939,1044,5985,4298,1938,4467,3349,11430,1565
201107,"2011","17","Rioja, La","26","Rioja, La",0,22546,1310,6007,3938,1052,5940,4299,1878,4375,3321,11389,1583
201108,"2011","17","Rioja, La","26","Rioja, La",0,22144,1164,5966,3910,1018,5889,4197,1636,4379,3333,11307,1489
201109,"2011","17","Rioja, La","26","Rioja, La",0,21693,1155,5440,3775,1074,5963,4286,1280,4269,3175,11406,1563
201110,"2011","17","Rioja, La","26","Rioja, La",0,23357,1347,6174,4115,1097,6207,4417,2023,4587,3212,12018,1517
201111,"2011","17","Rioja, La","26","Rioja, La",0,24560,1473,6566,4342,1161,6458,4560,2213,4768,3383,12611,1585
201112,"2011","17","Rioja, La","26","Rioja, La",0,25381,1454,7054,4524,1166,6560,4623,2219,5135,3632,12784,1611
201101,"2011","12","Galicia","27","Lugo",0,25125,1443,6107,4907,1162,7280,4226,911,2525,4225,14191,3273
201102,"2011","12","Galicia","27","Lugo",0,25371,1425,6068,4979,1203,7413,4283,899,2523,4263,14353,3333
201103,"2011","12","Galicia","27","Lugo",0,24808,1417,5749,4813,1235,7332,4262,849,2464,4083,14104,3308
201104,"2011","12","Galicia","27","Lugo",0,23580,1261,5477,4696,1087,6853,4206,818,2370,3934,13397,3061
201105,"2011","12","Galicia","27","Lugo",0,22787,1226,5255,4666,1016,6509,4115,821,2291,3838,12864,2973
201106,"2011","12","Galicia","27","Lugo",0,21969,1206,4935,4594,985,6184,4065,811,2214,3670,12381,2893
201107,"2011","12","Galicia","27","Lugo",0,20654,1066,4543,4556,926,5696,3867,668,2125,3530,11540,2791
201108,"2011","12","Galicia","27","Lugo",0,20959,1055,4590,4583,977,5820,3934,658,2180,3521,11807,2793
201109,"2011","12","Galicia","27","Lugo",0,22320,1091,4975,4797,997,6311,4149,753,2335,3710,12686,2836
201110,"2011","12","Galicia","27","Lugo",0,23384,1103,5275,4953,1024,6697,4332,810,2430,3886,13484,2774
201111,"2011","12","Galicia","27","Lugo",0,25021,1294,5871,5242,1083,7078,4453,915,2593,4256,14298,2959
201112,"2011","12","Galicia","27","Lugo",0,25405,1296,6227,5489,1051,6939,4403,940,2677,4599,14304,2885
201101,"2011","13","Madrid, Comunidad de","28","Madrid",0,472468,26784,127152,79800,21398,133285,84049,2929,39530,73306,335305,21398
201102,"2011","13","Madrid, Comunidad de","28","Madrid",0,478170,27987,127536,80068,22663,134802,85114,3064,39459,73122,340416,22109
201103,"2011","13","Madrid, Comunidad de","28","Madrid",0,482025,28802,127866,80845,23374,134916,86222,3188,39434,73684,342773,22946
201104,"2011","13","Madrid, Comunidad de","28","Madrid",0,479070,28299,126690,81371,22902,133524,86284,3196,39115,74242,339547,22970
201105,"2011","13","Madrid, Comunidad de","28","Madrid",0,475876,27718,123811,81534,22635,133035,87143,3177,38970,72795,337941,22993
201106,"2011","13","Madrid, Comunidad de","28","Madrid",0,469511,25571,120193,81329,20834,132975,88609,3129,39165,70894,333944,22379
201107,"2011","13","Madrid, Comunidad de","28","Madrid",0,469957,24593,118959,81630,20679,134511,89585,3185,38902,69308,336384,22178
201108,"2011","13","Madrid, Comunidad de","28","Madrid",0,474997,23862,120075,82822,20830,136735,90673,3094,39355,69206,341914,21428
201109,"2011","13","Madrid, Comunidad de","28","Madrid",0,485206,26987,122619,84281,23283,136649,91387,3157,40052,70752,348202,23043
201110,"2011","13","Madrid, Comunidad de","28","Madrid",0,497025,28377,127232,86519,24437,137353,93107,3536,40943,72734,356210,23602
201111,"2011","13","Madrid, Comunidad de","28","Madrid",0,493012,28313,126516,86901,23931,134382,92969,3529,40539,73059,352288,23597
201112,"2011","13","Madrid, Comunidad de","28","Madrid",0,488709,26001,127482,89027,21426,132109,92664,3471,40615,75222,347215,22186
201101,"2011","01","Andalucía","29","Málaga",0,189501,10698,53216,33494,8561,50508,33024,2827,12204,43883,106624,23963
201102,"2011","01","Andalucía","29","Málaga",0,190636,11342,52734,33321,9219,50708,33312,3006,12182,43346,107098,25004
201103,"2011","01","Andalucía","29","Málaga",0,191257,11641,52230,33494,9479,50756,33657,3142,12195,43247,107079,25594
201104,"2011","01","Andalucía","29","Málaga",0,185233,11155,49999,33166,9141,48539,33233,3223,11863,42540,102570,25037
201105,"2011","01","Andalucía","29","Málaga",0,179626,10380,47406,32706,8669,47215,33250,3209,11559,40887,99591,24380
201106,"2011","01","Andalucía","29","Málaga",0,176618,9907,45830,32741,8451,46301,33388,3276,11285,40254,97629,24174
201107,"2011","01","Andalucía","29","Málaga",0,173981,9476,44831,32873,8161,45328,33312,3266,11118,40070,95746,23781
201108,"2011","01","Andalucía","29","Málaga",0,175289,9234,45511,33390,7963,45612,33579,3308,11315,40823,96592,23251
201109,"2011","01","Andalucía","29","Málaga",0,181055,10175,47264,33813,8828,46906,34069,3324,11549,41299,100553,24330
201110,"2011","01","Andalucía","29","Málaga",0,189247,10987,49535,34844,9518,49158,35205,3424,12151,42587,105951,25134
201111,"2011","01","Andalucía","29","Málaga",0,194804,11390,50904,35602,9867,50855,36186,3388,12323,43064,110422,25607
201112,"2011","01","Andalucía","29","Málaga",0,194999,11035,51519,36411,9508,50335,36191,3292,12437,43938,110047,25285
201101,"2011","14","Murcia, Región de","30","Murcia",0,133127,8890,38505,21064,7306,37844,19518,8203,16815,26973,72666,8470
201102,"2011","14","Murcia, Región de","30","Murcia",0,136739,9539,39004,21390,7978,38903,19925,8365,17284,27115,74797,9178
201103,"2011","14","Murcia, Región de","30","Murcia",0,137495,9519,39144,21690,7980,38926,20236,8453,17382,27154,75141,9365
201104,"2011","14","Murcia, Región de","30","Murcia",0,135299,9069,38680,21660,7666,38108,20116,8267,16988,27175,73494,9375
201105,"2011","14","Murcia, Región de","30","Murcia",0,131027,8483,36963,21445,7035,36977,20124,7710,16707,26071,71406,9133
201106,"2011","14","Murcia, Región de","30","Murcia",0,130027,8106,36582,21541,6644,36797,20357,8215,16591,25400,70823,8998
201107,"2011","14","Murcia, Región de","30","Murcia",0,130260,7950,37103,21828,6501,36464,20414,8957,16576,25346,70336,9045
201108,"2011","14","Murcia, Región de","30","Murcia",0,133089,8015,38335,22461,6597,36973,20708,9197,17267,25892,71807,8926
201109,"2011","14","Murcia, Región de","30","Murcia",0,136294,8661,38283,22520,7473,38139,21218,8857,17362,25818,74644,9613
201110,"2011","14","Murcia, Región de","30","Murcia",0,138865,9051,38184,22797,7971,38871,21991,9167,17864,25740,76113,9981
201111,"2011","14","Murcia, Región de","30","Murcia",0,141718,9436,38810,23160,8228,39599,22485,9068,18228,26226,77845,10351
201112,"2011","14","Murcia, Región de","30","Murcia",0,142921,9179,39880,23900,7922,39307,22733,9212,18326,27062,78087,10234
201101,"2011","15","Navarra, Comunidad Foral de","31","Navarra",0,45150,2828,12011,7136,2279,12281,8615,1530,8213,6144,26794,2469
201102,"2011","15","Navarra, Comunidad Foral de","31","Navarra",0,45866,2942,12015,7211,2443,12463,8792,1689,8141,6193,27206,2637
201103,"2011","15","Navarra, Comunidad Foral de","31","Navarra",0,45305,2946,11683,7158,2452,12272,8794,1791,7952,6026,26754,2782
201104,"2011","15","Navarra, Comunidad Foral de","31","Navarra",0,43790,2777,11134,7024,2327,11888,8640,1664,7610,5848,25850,2818
201105,"2011","15","Navarra, Comunidad Foral de","31","Navarra",0,42772,2704,10531,6850,2309,11705,8673,1608,7307,5621,25392,2844
201106,"2011","15","Navarra, Comunidad Foral de","31","Navarra",0,41700,2641,10197,6755,2071,11467,8569,1739,7245,5478,24356,2882
201107,"2011","15","Navarra, Comunidad Foral de","31","Navarra",0,41744,2578,10188,6866,2068,11507,8537,1742,7309,5474,24408,2811
201108,"2011","15","Navarra, Comunidad Foral de","31","Navarra",0,41407,2408,10112,6870,2071,11443,8503,1511,7244,5394,24563,2695
201109,"2011","15","Navarra, Comunidad Foral de","31","Navarra",0,42618,2567,10256,7012,2265,11756,8762,1554,7400,5319,25650,2695
201110,"2011","15","Navarra, Comunidad Foral de","31","Navarra",0,44771,2759,11365,7332,2290,12107,8918,1875,8185,5564,26447,2700
201111,"2011","15","Navarra, Comunidad Foral de","31","Navarra",0,45839,2774,11670,7549,2306,12388,9152,1895,8406,5686,27165,2687
201112,"2011","15","Navarra, Comunidad Foral de","31","Navarra",0,46946,2673,12597,7975,2088,12435,9178,1823,9092,6098,27412,2521
201101,"2011","12","Galicia","32","Ourense",0,27763,1473,5862,5744,1078,7166,6440,972,4102,4358,14942,3389
201102,"2011","12","Galicia","32","Ourense",0,28009,1482,5916,5796,1111,7254,6450,976,4101,4405,15041,3486
201103,"2011","12","Galicia","32","Ourense",0,28186,1520,5946,5763,1180,7284,6493,968,4131,4369,15117,3601
201104,"2011","12","Galicia","32","Ourense",0,27526,1419,5728,5720,1129,7091,6439,960,4065,4307,14691,3503
201105,"2011","12","Galicia","32","Ourense",0,26547,1298,5341,5590,1081,6830,6407,963,3884,4083,14215,3402
201106,"2011","12","Galicia","32","Ourense",0,25671,1298,5026,5535,1047,6420,6345,983,3749,3965,13576,3398
201107,"2011","12","Galicia","32","Ourense",0,24482,1189,4678,5469,1006,5968,6172,824,3549,3894,12880,3335
201108,"2011","12","Galicia","32","Ourense",0,24295,1083,4623,5482,964,5943,6200,825,3561,3851,12844,3214
201109,"2011","12","Galicia","32","Ourense",0,24954,1111,4821,5572,1013,6165,6272,867,3645,3949,13243,3250
201110,"2011","12","Galicia","32","Ourense",0,26237,1186,5228,5772,1065,6546,6440,926,3842,4120,14035,3314
201111,"2011","12","Galicia","32","Ourense",0,28069,1333,5802,6112,1178,6984,6660,1134,4094,4386,14979,3476
201112,"2011","12","Galicia","32","Ourense",0,28217,1328,6095,6348,1086,6743,6617,1112,4176,4686,14889,3354
201101,"2011","03","Asturias, Principado de","33","Asturias",0,86008,4910,22498,13535,3863,24834,16368,973,9263,13212,55822,6738
201102,"2011","03","Asturias, Principado de","33","Asturias",0,88072,5108,23024,13682,4084,25411,16763,1000,9471,13336,57190,7075
201103,"2011","03","Asturias, Principado de","33","Asturias",0,87740,5095,22650,13659,4108,25333,16895,1033,9239,13309,56896,7263
201104,"2011","03","Asturias, Principado de","33","Asturias",0,85710,4893,22155,13742,3969,24332,16619,1059,9160,13219,55050,7222
201105,"2011","03","Asturias, Principado de","33","Asturias",0,83181,4636,21163,13583,3796,23563,16440,1059,8723,12865,53353,7181
201106,"2011","03","Asturias, Principado de","33","Asturias",0,80743,4347,20421,13570,3413,22734,16258,1042,8608,12826,51319,6948
201107,"2011","03","Asturias, Principado de","33","Asturias",0,78717,4212,19699,13499,3461,22071,15775,1022,8341,12656,49634,7064
201108,"2011","03","Asturias, Principado de","33","Asturias",0,79373,4147,19923,13656,3453,22281,15913,1004,8479,12651,50289,6950
201109,"2011","03","Asturias, Principado de","33","Asturias",0,82122,4433,20702,13914,3912,22942,16219,980,8528,12609,52899,7106
201110,"2011","03","Asturias, Principado de","33","Asturias",0,85576,4626,22024,14349,4018,23820,16739,1100,9329,12888,55221,7038
201111,"2011","03","Asturias, Principado de","33","Asturias",0,88853,4876,23371,14881,4199,24444,17082,1191,9456,13516,57529,7161
201112,"2011","03","Asturias, Principado de","33","Asturias",0,90537,4894,24627,15451,4061,24543,16961,1266,9819,14412,57920,7120
201101,"2011","07","Castilla y León","34","Palencia",0,13015,1020,3010,2261,780,3469,2475,683,1694,2084,6988,1566
201102,"2011","07","Castilla y León","34","Palencia",0,13198,1063,2972,2267,813,3577,2506,676,1755,2076,7045,1646
201103,"2011","07","Castilla y León","34","Palencia",0,13044,1011,2890,2229,798,3568,2548,666,1729,2017,6966,1666
201104,"2011","07","Castilla y León","34","Palencia",0,12445,833,2730,2200,693,3449,2540,660,1659,1890,6696,1540
201105,"2011","07","Castilla y León","34","Palencia",0,12185,831,2596,2164,710,3340,2544,650,1603,1815,6551,1566
201106,"2011","07","Castilla y León","34","Palencia",0,11553,802,2445,2083,645,3150,2428,633,1533,1668,6196,1523
201107,"2011","07","Castilla y León","34","Palencia",0,11312,800,2383,2044,619,3058,2408,616,1519,1638,6037,1502
201108,"2011","07","Castilla y León","34","Palencia",0,11323,786,2409,2113,616,3022,2377,627,1507,1678,6027,1484
201109,"2011","07","Castilla y León","34","Palencia",0,11976,875,2490,2178,750,3222,2461,618,1516,1764,6432,1646
201110,"2011","07","Castilla y León","34","Palencia",0,12518,971,2621,2266,801,3287,2572,687,1534,1859,6768,1670
201111,"2011","07","Castilla y León","34","Palencia",0,12619,925,2744,2334,762,3280,2574,712,1548,1972,6792,1595
201112,"2011","07","Castilla y León","34","Palencia",0,13020,935,3060,2520,715,3249,2541,747,1657,2251,6816,1549
201101,"2011","05","Canarias","35","Palmas, Las",0,139338,5952,35828,26404,5112,37916,28126,2758,6651,25425,93878,10626
201102,"2011","05","Canarias","35","Palmas, Las",0,140271,5935,35603,26705,5260,38403,28365,2834,6722,25585,94507,10623
201103,"2011","05","Canarias","35","Palmas, Las",0,140252,5963,35177,26704,5420,38375,28613,2868,6673,25462,94653,10596
201104,"2011","05","Canarias","35","Palmas, Las",0,137915,5756,34062,26432,5394,37674,28597,2934,6585,24793,93853,9750
201105,"2011","05","Canarias","35","Palmas, Las",0,137106,5757,33964,26500,5257,37657,27971,2970,6660,24453,95546,7477
201106,"2011","05","Canarias","35","Palmas, Las",0,134121,5543,33481,26692,5017,37187,26201,3088,6576,24434,94970,5053
201107,"2011","05","Canarias","35","Palmas, Las",0,134322,5604,33002,26922,5181,36912,26701,2709,6548,24428,94789,5848
201108,"2011","05","Canarias","35","Palmas, Las",0,133583,5567,32585,26972,5288,36343,26828,2666,6464,24357,93790,6306
201109,"2011","05","Canarias","35","Palmas, Las",0,133488,5808,32382,27107,5510,35955,26726,2733,6511,24218,93146,6880
201110,"2011","05","Canarias","35","Palmas, Las",0,137576,6082,33510,27812,5783,36931,27458,3245,6683,24790,95467,7391
201111,"2011","05","Canarias","35","Palmas, Las",0,140959,6183,34450,28447,5863,37842,28174,3209,6763,24853,98524,7610
201112,"2011","05","Canarias","35","Palmas, Las",0,140934,5979,34796,28841,5579,37445,28294,3167,6841,25112,98256,7558
201101,"2011","12","Galicia","36","Pontevedra",0,96402,5038,24422,15714,3797,28172,19259,2665,16984,14682,51084,10987
201102,"2011","12","Galicia","36","Pontevedra",0,97436,5185,24392,15789,3976,28639,19455,2610,17069,14664,51789,11304
201103,"2011","12","Galicia","36","Pontevedra",0,98449,5338,24368,15896,4172,28986,19689,2537,17348,14647,52371,11546
201104,"2011","12","Galicia","36","Pontevedra",0,97344,5040,24087,16052,3903,28398,19864,2555,17263,14684,51542,11300
201105,"2011","12","Galicia","36","Pontevedra",0,95815,4825,23503,16160,3692,27826,19809,2774,16887,14526,50680,10948
201106,"2011","12","Galicia","36","Pontevedra",0,93594,4817,22664,16083,3563,26712,19755,2662,16508,14386,49221,10817
201107,"2011","12","Galicia","36","Pontevedra",0,89118,4455,21243,15803,3432,24898,19287,2438,15654,13802,46715,10509
201108,"2011","12","Galicia","36","Pontevedra",0,89352,4370,21234,16028,3438,25011,19271,2377,15743,13853,46948,10431
201109,"2011","12","Galicia","36","Pontevedra",0,93104,4324,22511,16355,3570,26523,19821,2467,16652,14268,49285,10432
201110,"2011","12","Galicia","36","Pontevedra",0,97050,4622,23813,17021,3716,27530,20348,2703,17085,14923,51638,10701
201111,"2011","12","Galicia","36","Pontevedra",0,100982,5002,25090,17591,3931,28450,20918,2779,17794,15662,53733,11014
201112,"2011","12","Galicia","36","Pontevedra",0,102960,5018,26124,18304,3831,28441,21242,2901,18387,16601,54225,10846
201101,"2011","07","Castilla y León","37","Salamanca",0,31443,2052,6735,5542,1766,8386,6962,757,2597,5463,17523,5103
201102,"2011","07","Castilla y León","37","Salamanca",0,31372,2096,6613,5439,1872,8383,6969,757,2575,5279,17494,5267
201103,"2011","07","Castilla y León","37","Salamanca",0,30990,1873,6515,5382,1742,8464,7014,762,2550,5129,17455,5094
201104,"2011","07","Castilla y León","37","Salamanca",0,30686,1850,6382,5388,1749,8318,6999,799,2579,5055,17227,5026
201105,"2011","07","Castilla y León","37","Salamanca",0,30298,1807,6160,5354,1692,8297,6988,809,2578,4850,17038,5023
201106,"2011","07","Castilla y León","37","Salamanca",0,28424,1697,5669,5161,1485,7694,6718,774,2449,4606,15807,4788
201107,"2011","07","Castilla y León","37","Salamanca",0,27982,1652,5570,5115,1553,7495,6597,747,2395,4570,15470,4800
201108,"2011","07","Castilla y León","37","Salamanca",0,28708,1679,5747,5319,1578,7707,6678,747,2476,4757,15941,4787
201109,"2011","07","Castilla y León","37","Salamanca",0,30375,2025,6023,5497,1833,8167,6830,752,2556,5008,16885,5174
201110,"2011","07","Castilla y León","37","Salamanca",0,30967,2113,6115,5620,1882,8229,7008,796,2603,5159,17274,5135
201111,"2011","07","Castilla y León","37","Salamanca",0,31700,2171,6362,5803,1897,8313,7154,833,2682,5428,17643,5114
201112,"2011","07","Castilla y León","37","Salamanca",0,32134,2166,6728,6089,1787,8217,7147,896,2776,5833,17700,4929
201101,"2011","05","Canarias","38","Santa Cruz de Tenerife",0,118973,5242,32418,23636,4202,32288,21187,2134,5953,26219,77864,6803
201102,"2011","05","Canarias","38","Santa Cruz de Tenerife",0,120905,5342,32718,23845,4423,32981,21596,2211,5983,26493,79232,6986
201103,"2011","05","Canarias","38","Santa Cruz de Tenerife",0,120950,5305,32357,24044,4500,32931,21813,2201,5968,26280,79381,7120
201104,"2011","05","Canarias","38","Santa Cruz de Tenerife",0,118858,5133,31332,23718,4477,32371,21827,2253,5940,25690,78281,6694
201105,"2011","05","Canarias","38","Santa Cruz de Tenerife",0,117235,4992,30638,23370,4352,32223,21660,2237,5906,24984,78516,5592
201106,"2011","05","Canarias","38","Santa Cruz de Tenerife",0,117842,4856,30914,23957,4046,32760,21309,2233,5907,25552,79689,4461
201107,"2011","05","Canarias","38","Santa Cruz de Tenerife",0,119307,4988,30652,24395,4379,32925,21968,2259,5947,25538,80450,5113
201108,"2011","05","Canarias","38","Santa Cruz de Tenerife",0,118895,4881,30534,24544,4348,32601,21987,2066,5960,25516,79962,5391
201109,"2011","05","Canarias","38","Santa Cruz de Tenerife",0,118502,5070,30565,24680,4478,32033,21676,2073,5895,25601,79177,5756
201110,"2011","05","Canarias","38","Santa Cruz de Tenerife",0,120688,5252,31095,25188,4675,32388,22090,2385,5958,25767,80541,6037
201111,"2011","05","Canarias","38","Santa Cruz de Tenerife",0,125254,5495,32478,26144,4811,33439,22887,2554,6058,26119,84310,6213
201112,"2011","05","Canarias","38","Santa Cruz de Tenerife",0,124635,5245,32629,26503,4443,32822,22993,2586,6071,26246,83755,5977
201101,"2011","06","Cantabria","39","Cantabria",0,45800,2842,12767,8141,2131,12478,7441,602,4125,8966,28918,3189
201102,"2011","06","Cantabria","39","Cantabria",0,46976,2943,12979,8346,2257,12785,7666,564,4246,9220,29601,3345
201103,"2011","06","Cantabria","39","Cantabria",0,47395,3039,13086,8515,2369,12683,7703,601,4250,9373,29665,3506
201104,"2011","06","Cantabria","39","Cantabria",0,46532,2989,12869,8537,2263,12301,7573,577,4196,9475,28715,3569
201105,"2011","06","Cantabria","39","Cantabria",0,45195,2878,12301,8364,2197,11936,7519,577,4089,9116,27846,3567
201106,"2011","06","Cantabria","39","Cantabria",0,43098,2718,11542,8226,1945,11308,7359,559,3966,8773,26296,3504
201107,"2011","06","Cantabria","39","Cantabria",0,41268,2567,11047,8126,1778,10586,7164,541,3747,8545,25013,3422
201108,"2011","06","Cantabria","39","Cantabria",0,41932,2468,11291,8329,1777,10847,7220,530,3826,8457,25783,3336
201109,"2011","06","Cantabria","39","Cantabria",0,44367,2754,11970,8516,2079,11534,7514,519,4014,8522,27898,3414
201110,"2011","06","Cantabria","39","Cantabria",0,46786,2883,12725,8814,2259,12249,7856,574,4219,8717,29828,3448
201111,"2011","06","Cantabria","39","Cantabria",0,48482,2984,13459,9073,2321,12527,8118,587,4286,8921,31228,3460
201112,"2011","06","Cantabria","39","Cantabria",0,49273,2962,13970,9437,2136,12589,8179,629,4350,9463,31422,3409
201101,"2011","07","Castilla y León","40","Segovia",0,10786,767,2998,1983,503,3000,1535,853,1190,2140,5608,995
201102,"2011","07","Castilla y León","40","Segovia",0,10895,820,2907,1956,560,3067,1585,796,1177,2133,5665,1124
201103,"2011","07","Castilla y León","40","Segovia",0,10833,791,2849,1893,602,3046,1652,795,1185,2074,5627,1152
201104,"2011","07","Castilla y León","40","Segovia",0,10556,727,2773,1872,547,3002,1635,782,1162,2002,5503,1107
201105,"2011","07","Castilla y León","40","Segovia",0,10239,685,2620,1838,527,2946,1623,753,1141,1897,5337,1111
201106,"2011","07","Castilla y León","40","Segovia",0,9541,647,2382,1749,457,2756,1550,696,1030,1739,4989,1087
201107,"2011","07","Castilla y León","40","Segovia",0,9206,596,2259,1704,480,2652,1515,635,982,1660,4854,1075
201108,"2011","07","Castilla y León","40","Segovia",0,9542,583,2399,1787,487,2766,1520,662,1051,1720,5069,1040
201109,"2011","07","Castilla y León","40","Segovia",0,9816,606,2380,1837,533,2859,1601,619,1079,1709,5311,1098
201110,"2011","07","Castilla y León","40","Segovia",0,10331,716,2557,1923,587,2915,1633,727,1101,1845,5539,1119
201111,"2011","07","Castilla y León","40","Segovia",0,10853,736,2729,2023,615,3050,1700,802,1159,1947,5805,1140
201112,"2011","07","Castilla y León","40","Segovia",0,11229,745,2953,2166,585,3077,1703,861,1225,2152,5879,1112
201101,"2011","01","Andalucía","41","Sevilla",0,216033,13220,57482,33454,11051,61795,39031,8047,20840,42681,116338,28127
201102,"2011","01","Andalucía","41","Sevilla",0,218982,14059,57760,33690,11657,62415,39401,8472,21028,42791,117568,29123
201103,"2011","01","Andalucía","41","Sevilla",0,219908,14300,57566,33722,12063,62535,39722,8641,21030,42540,117795,29902
201104,"2011","01","Andalucía","41","Sevilla",0,215593,13724,56231,33991,11614,60627,39406,8478,20612,42448,114870,29185
201105,"2011","01","Andalucía","41","Sevilla",0,210689,12963,54036,33730,11067,59377,39516,8216,20285,40904,112877,28407
201106,"2011","01","Andalucía","41","Sevilla",0,210781,12675,53444,34216,10804,59603,40039,8472,19769,40826,113766,27948
201107,"2011","01","Andalucía","41","Sevilla",0,212867,12764,53867,34912,11059,60054,40211,8661,19796,41528,114633,28249
201108,"2011","01","Andalucía","41","Sevilla",0,216022,12736,54813,35405,11277,61207,40584,8783,20168,42005,116779,28287
201109,"2011","01","Andalucía","41","Sevilla",0,217689,13329,54079,34937,12414,61919,41011,8253,19868,40567,118790,30211
201110,"2011","01","Andalucía","41","Sevilla",0,224684,14088,56558,36169,12966,63099,41804,9057,20597,42546,121513,30971
201111,"2011","01","Andalucía","41","Sevilla",0,226519,14436,56562,36775,13290,63277,42179,9236,20742,42878,122300,31363
201112,"2011","01","Andalucía","41","Sevilla",0,227731,13969,58569,38166,12519,62236,42272,9261,21618,44877,121658,30317
201101,"2011","07","Castilla y León","42","Soria",0,5714,466,1445,942,379,1550,932,250,922,923,3017,602
201102,"2011","07","Castilla y León","42","Soria",0,5556,483,1368,908,383,1481,933,242,894,870,2871,679
201103,"2011","07","Castilla y León","42","Soria",0,5575,488,1346,859,411,1509,962,224,866,839,2934,712
201104,"2011","07","Castilla y León","42","Soria",0,5337,450,1248,859,368,1450,962,205,863,794,2802,673
201105,"2011","07","Castilla y León","42","Soria",0,5163,414,1181,829,367,1399,973,190,838,753,2704,678
201106,"2011","07","Castilla y León","42","Soria",0,4829,402,1081,798,324,1320,904,170,767,721,2503,668
201107,"2011","07","Castilla y León","42","Soria",0,4701,383,1071,802,309,1274,862,157,787,694,2417,646
201108,"2011","07","Castilla y León","42","Soria",0,4682,359,1057,820,305,1296,845,167,789,699,2412,615
201109,"2011","07","Castilla y León","42","Soria",0,5083,400,1147,865,378,1400,893,183,852,697,2671,680
201110,"2011","07","Castilla y León","42","Soria",0,5343,438,1232,896,373,1459,945,211,898,745,2820,669
201111,"2011","07","Castilla y León","42","Soria",0,5421,414,1269,935,358,1495,950,239,927,775,2836,644
201112,"2011","07","Castilla y León","42","Soria",0,5856,465,1473,1025,343,1573,977,261,1014,946,2991,644
201101,"2011","09","Cataluña","43","Tarragona",0,67010,3789,20199,12514,3033,16617,10858,2334,8846,14700,38188,2942
201102,"2011","09","Cataluña","43","Tarragona",0,68654,4100,20249,12661,3265,17206,11173,2589,8823,14701,39265,3276
201103,"2011","09","Cataluña","43","Tarragona",0,69469,4207,20417,12902,3343,17212,11388,2716,9105,14729,39465,3454
201104,"2011","09","Cataluña","43","Tarragona",0,67031,3988,19736,12783,3030,16326,11168,2658,9020,14583,37392,3378
201105,"2011","09","Cataluña","43","Tarragona",0,66592,3924,19316,12918,2931,16240,11263,2515,8903,14468,37319,3387
201106,"2011","09","Cataluña","43","Tarragona",0,63667,3345,18468,12789,2469,15449,11147,2575,8550,14026,35223,3293
201107,"2011","09","Cataluña","43","Tarragona",0,62448,3219,17940,12741,2349,15130,11069,2620,8328,13919,34236,3345
201108,"2011","09","Cataluña","43","Tarragona",0,63284,3163,18179,12900,2437,15421,11184,2492,8381,14082,35017,3312
201109,"2011","09","Cataluña","43","Tarragona",0,66845,3809,18958,13216,3060,16250,11552,2671,8492,14082,37995,3605
201110,"2011","09","Cataluña","43","Tarragona",0,69976,3768,20176,13745,2963,17335,11989,2788,8726,14352,40660,3450
201111,"2011","09","Cataluña","43","Tarragona",0,70103,3797,19863,13661,3131,17539,12112,2497,8518,13974,41570,3544
201112,"2011","09","Cataluña","43","Tarragona",0,70401,3563,20386,14135,2918,17280,12119,2519,8752,14426,41381,3323
201101,"2011","02","Aragón","44","Teruel",0,9160,771,2661,1473,595,2398,1262,676,1497,1767,4796,424
201102,"2011","02","Aragón","44","Teruel",0,9332,813,2666,1593,595,2388,1277,637,1566,1805,4866,458
201103,"2011","02","Aragón","44","Teruel",0,9343,811,2622,1581,609,2397,1323,650,1519,1765,4929,480
201104,"2011","02","Aragón","44","Teruel",0,9274,805,2621,1546,610,2383,1309,595,1500,1757,4918,504
201105,"2011","02","Aragón","44","Teruel",0,8649,707,2401,1458,590,2202,1291,470,1378,1641,4674,486
201106,"2011","02","Aragón","44","Teruel",0,8680,741,2400,1460,582,2219,1278,498,1384,1659,4616,523
201107,"2011","02","Aragón","44","Teruel",0,8556,702,2469,1475,578,2126,1206,542,1357,1674,4446,537
201108,"2011","02","Aragón","44","Teruel",0,8659,731,2539,1505,573,2134,1177,572,1362,1708,4498,519
201109,"2011","02","Aragón","44","Teruel",0,8961,781,2497,1536,620,2248,1279,565,1366,1690,4829,511
201110,"2011","02","Aragón","44","Teruel",0,9285,780,2588,1552,643,2373,1349,669,1388,1667,5060,501
201111,"2011","02","Aragón","44","Teruel",0,9804,828,2672,1639,676,2533,1456,735,1406,1712,5454,497
201112,"2011","02","Aragón","44","Teruel",0,10001,818,2829,1737,657,2527,1433,701,1474,1849,5502,475
201101,"2011","08","Castilla - La Mancha","45","Toledo",0,74670,5598,18786,11679,4453,22086,12068,3425,10677,13924,42686,3958
201102,"2011","08","Castilla - La Mancha","45","Toledo",0,76567,5647,19431,12009,4543,22648,12289,4028,10805,14061,43695,3978
201103,"2011","08","Castilla - La Mancha","45","Toledo",0,77069,5680,19525,12170,4549,22957,12188,4192,10925,14080,43846,4026
201104,"2011","08","Castilla - La Mancha","45","Toledo",0,76409,5535,19453,12139,4429,22727,12126,4071,10833,14099,43492,3914
201105,"2011","08","Castilla - La Mancha","45","Toledo",0,75172,5383,18805,12045,4481,22381,12077,3973,10608,13655,42902,4034
201106,"2011","08","Castilla - La Mancha","45","Toledo",0,74638,5340,18474,12044,4439,22130,12211,3964,10174,13432,42837,4231
201107,"2011","08","Castilla - La Mancha","45","Toledo",0,73930,5229,18109,12134,4345,21931,12182,3809,10030,13275,42462,4354
201108,"2011","08","Castilla - La Mancha","45","Toledo",0,74324,5101,18362,12444,4266,21912,12239,3622,9967,13590,42857,4288
201109,"2011","08","Castilla - La Mancha","45","Toledo",0,73368,5022,17611,12310,4405,21775,12245,2943,9598,13137,43347,4343
201110,"2011","08","Castilla - La Mancha","45","Toledo",0,77771,5520,19189,13248,4599,22486,12729,4783,10097,13673,44827,4391
201111,"2011","08","Castilla - La Mancha","45","Toledo",0,79573,5590,19664,13591,4600,22997,13131,4628,10604,14080,45846,4415
201112,"2011","08","Castilla - La Mancha","45","Toledo",0,79714,5346,19869,13785,4441,22954,13319,4148,10793,14564,45897,4312
201101,"2011","10","Comunitat Valenciana","46","Valencia/Valéncia",0,247018,15311,67143,42990,11801,68142,41631,5971,38525,40841,146749,14932
201102,"2011","10","Comunitat Valenciana","46","Valencia/Valéncia",0,254258,16201,69170,43823,12601,69838,42625,6825,39167,41236,151399,15631
201103,"2011","10","Comunitat Valenciana","46","Valencia/Valéncia",0,257810,16500,70005,44639,12864,70425,43377,7435,39359,41799,153229,15988
201104,"2011","10","Comunitat Valenciana","46","Valencia/Valéncia",0,258343,16521,69903,45070,12928,70091,43830,7533,39373,42098,153242,16097
201105,"2011","10","Comunitat Valenciana","46","Valencia/Valéncia",0,257210,16476,68473,44950,13020,70019,44272,7383,38987,41404,153104,16332
201106,"2011","10","Comunitat Valenciana","46","Valencia/Valéncia",0,256913,16299,67863,45427,12370,70157,44797,8035,38369,41354,152977,16178
201107,"2011","10","Comunitat Valenciana","46","Valencia/Valéncia",0,254460,15748,66963,45621,12092,69336,44700,8000,37777,40928,151795,15960
201108,"2011","10","Comunitat Valenciana","46","Valencia/Valéncia",0,258798,15458,68757,46953,12052,70312,45266,7916,38742,41982,154651,15507
201109,"2011","10","Comunitat Valenciana","46","Valencia/Valéncia",0,260501,16248,68033,46917,13149,70404,45750,7245,38486,41103,157216,16451
201110,"2011","10","Comunitat Valenciana","46","Valencia/Valéncia",0,261258,16209,67789,47333,13159,70198,46570,7024,38888,40562,158350,16434
201111,"2011","10","Comunitat Valenciana","46","Valencia/Valéncia",0,261373,16063,67008,47522,13091,70489,47200,6479,38885,40075,159494,16440
201112,"2011","10","Comunitat Valenciana","46","Valencia/Valéncia",0,261945,15438,68238,48557,12349,69852,47511,6590,39103,40556,159874,15822
201101,"2011","07","Castilla y León","47","Valladolid",0,44355,2771,11102,7478,2117,12210,8677,2040,4888,7737,23601,6089
201102,"2011","07","Castilla y León","47","Valladolid",0,44710,2845,10997,7423,2299,12318,8828,2065,4840,7572,23867,6366
201103,"2011","07","Castilla y León","47","Valladolid",0,44500,2570,10943,7442,2147,12421,8977,2036,4753,7491,23912,6308
201104,"2011","07","Castilla y León","47","Valladolid",0,43961,2519,10651,7471,2143,12188,8989,2069,4672,7406,23552,6262
201105,"2011","07","Castilla y León","47","Valladolid",0,42782,2453,10072,7278,2053,11912,9014,1939,4534,7035,23115,6159
201106,"2011","07","Castilla y León","47","Valladolid",0,41357,2363,9572,7081,1891,11588,8862,1997,4313,6743,22322,5982
201107,"2011","07","Castilla y León","47","Valladolid",0,39990,2334,9127,6945,1870,11131,8583,1983,4153,6392,21551,5911
201108,"2011","07","Castilla y León","47","Valladolid",0,41166,2341,9448,7205,2004,11459,8709,2005,4289,6680,22199,5993
201109,"2011","07","Castilla y León","47","Valladolid",0,41731,2491,9323,7219,2185,11593,8920,1698,4368,6684,22834,6147
201110,"2011","07","Castilla y León","47","Valladolid",0,43904,2676,10217,7635,2320,11898,9158,2106,4675,7121,23709,6293
201111,"2011","07","Castilla y León","47","Valladolid",0,44566,2664,10457,7853,2300,11937,9355,2204,4727,7435,24018,6182
201112,"2011","07","Castilla y León","47","Valladolid",0,45422,2638,11055,8203,2150,11992,9384,2266,4969,7966,24099,6122
201101,"2011","16","País Vasco","48","Bizkaia",0,79730,3937,20575,14475,3047,21202,16494,1290,11352,10233,49618,7237
201102,"2011","16","País Vasco","48","Bizkaia",0,81303,4065,20939,14722,3208,21593,16776,1340,11613,10273,50626,7451
201103,"2011","16","País Vasco","48","Bizkaia",0,83498,4624,21450,14854,3531,22062,16977,1327,11795,10611,52128,7637
201104,"2011","16","País Vasco","48","Bizkaia",0,85893,5021,22144,15330,3666,22469,17263,1404,12047,11140,52692,8610
201105,"2011","16","País Vasco","48","Bizkaia",0,83329,4508,21385,15152,3489,21649,17146,1353,11750,10916,51117,8193
201106,"2011","16","País Vasco","48","Bizkaia",0,81098,3880,20631,14973,2914,21550,17150,1355,11290,10708,49707,8038
201107,"2011","16","País Vasco","48","Bizkaia",0,78500,3583,19379,14629,2873,21160,16876,1353,10750,10179,48149,8069
201108,"2011","16","País Vasco","48","Bizkaia",0,78791,3562,19534,14892,2951,21269,16583,1375,10988,10352,48129,7947
201109,"2011","16","País Vasco","48","Bizkaia",0,79654,3683,19714,15011,3111,21324,16811,1313,11091,10521,48532,8197
201110,"2011","16","País Vasco","48","Bizkaia",0,80320,3801,20102,15206,3152,21183,16876,1344,11250,10752,48655,8319
201111,"2011","16","País Vasco","48","Bizkaia",0,81517,4022,20604,15279,3178,21320,17114,1371,11422,10880,49369,8475
201112,"2011","16","País Vasco","48","Bizkaia",0,81896,3845,21434,15587,3020,21058,16952,1397,11698,11323,49130,8348
201101,"2011","07","Castilla y León","49","Zamora",0,16127,1050,3670,3339,779,4032,3257,733,1455,3708,7926,2305
201102,"2011","07","Castilla y León","49","Zamora",0,15772,1085,3504,3191,820,3956,3216,718,1413,3519,7774,2348
201103,"2011","07","Castilla y León","49","Zamora",0,15848,1027,3498,3150,783,4114,3276,725,1439,3378,7968,2338
201104,"2011","07","Castilla y León","49","Zamora",0,15360,922,3376,3106,729,3994,3233,718,1415,3243,7700,2284
201105,"2011","07","Castilla y León","49","Zamora",0,14950,913,3109,2996,783,3951,3198,709,1336,3011,7569,2325
201106,"2011","07","Castilla y León","49","Zamora",0,14367,884,2938,2906,730,3813,3096,662,1297,2874,7261,2273
201107,"2011","07","Castilla y León","49","Zamora",0,13999,890,2891,2851,707,3664,2996,640,1270,2817,7007,2265
201108,"2011","07","Castilla y León","49","Zamora",0,14287,867,3026,2965,709,3705,3015,665,1301,2944,7144,2233
201109,"2011","07","Castilla y León","49","Zamora",0,14679,863,2970,3040,830,3877,3099,603,1348,2982,7448,2298
201110,"2011","07","Castilla y León","49","Zamora",0,15905,1040,3331,3240,859,4172,3263,737,1437,3316,8052,2363
201111,"2011","07","Castilla y León","49","Zamora",0,15983,1029,3391,3336,844,4137,3246,764,1485,3427,8032,2275
201112,"2011","07","Castilla y León","49","Zamora",0,16509,1036,3679,3624,795,4098,3277,794,1569,3851,8087,2208
201101,"2011","02","Aragón","50","Zaragoza",0,72611,4681,20098,11906,3921,19559,12446,2682,11054,11335,42155,5385
201102,"2011","02","Aragón","50","Zaragoza",0,74220,4845,20457,12076,4198,19931,12713,2881,11071,11440,43152,5676
201103,"2011","02","Aragón","50","Zaragoza",0,75516,5102,20753,12263,4283,20150,12965,3031,11199,11423,43925,5938
201104,"2011","02","Aragón","50","Zaragoza",0,74657,5009,20444,12260,4196,19776,12972,2835,11121,11411,43280,6010
201105,"2011","02","Aragón","50","Zaragoza",0,70777,4574,19063,11759,3878,18815,12688,2211,10468,10904,41385,5809
201106,"2011","02","Aragón","50","Zaragoza",0,69813,4502,18438,11738,3742,18619,12774,2463,10045,10670,40766,5869
201107,"2011","02","Aragón","50","Zaragoza",0,70867,4527,18893,12015,3753,18928,12751,2913,10094,10556,41473,5831
201108,"2011","02","Aragón","50","Zaragoza",0,71198,4386,18803,12159,3824,19200,12826,2540,10177,10566,42208,5707
201109,"2011","02","Aragón","50","Zaragoza",0,71842,4630,18658,12111,4165,19211,13067,2836,9959,10296,42848,5903
201110,"2011","02","Aragón","50","Zaragoza",0,74189,4769,19448,12590,4199,19651,13532,3516,10408,10330,44132,5803
201111,"2011","02","Aragón","50","Zaragoza",0,75764,4859,19788,12989,4243,20093,13792,3423,10667,10462,45442,5770
201112,"2011","02","Aragón","50","Zaragoza",0,77438,4760,20857,13568,4023,20284,13946,3290,11176,11126,46271,5575
201101,"2011","18","Ceuta","51","Ceuta",0,9364,899,1888,1119,979,2830,1649,29,389,815,6317,1814
201102,"2011","18","Ceuta","51","Ceuta",0,9635,896,1857,1193,1028,2936,1725,32,393,864,6431,1915
201103,"2011","18","Ceuta","51","Ceuta",0,9933,936,1966,1200,1058,3036,1737,38,416,897,6542,2040
201104,"2011","18","Ceuta","51","Ceuta",0,10391,974,2097,1244,1102,3158,1816,45,426,945,6863,2112
201105,"2011","18","Ceuta","51","Ceuta",0,11319,1044,2277,1336,1211,3460,1991,43,408,976,7707,2185
201106,"2011","18","Ceuta","51","Ceuta",0,11264,1022,2291,1368,1138,3410,2035,44,409,987,7718,2106
201107,"2011","18","Ceuta","51","Ceuta",0,10660,984,2165,1276,1073,3227,1935,40,378,953,7272,2017
201108,"2011","18","Ceuta","51","Ceuta",0,10711,967,2181,1298,1078,3231,1956,45,390,989,7264,2023
201109,"2011","18","Ceuta","51","Ceuta",0,11027,1041,2259,1333,1116,3288,1990,43,437,991,7420,2136
201110,"2011","18","Ceuta","51","Ceuta",0,11226,1089,2277,1356,1173,3344,1987,40,452,991,7496,2247
201111,"2011","18","Ceuta","51","Ceuta",0,11351,1118,2299,1416,1198,3319,2001,48,482,990,7519,2312
201112,"2011","18","Ceuta","51","Ceuta",0,10822,1079,2196,1373,1157,3140,1877,50,404,962,7172,2234
201101,"2011","19","Melilla","52","Melilla",0,10078,1034,1891,1336,1100,2881,1836,57,195,1191,6607,2028
201102,"2011","19","Melilla","52","Melilla",0,10073,990,1816,1372,1140,2926,1829,58,194,1238,6477,2106
201103,"2011","19","Melilla","52","Melilla",0,10174,1026,1790,1384,1172,2949,1853,61,198,1245,6489,2181
201104,"2011","19","Melilla","52","Melilla",0,10272,1043,1865,1402,1157,2953,1852,63,203,1227,6617,2162
201105,"2011","19","Melilla","52","Melilla",0,10354,1046,1871,1420,1158,2974,1885,65,201,1241,6644,2203
201106,"2011","19","Melilla","52","Melilla",0,11371,1010,2078,1649,1134,3352,2148,66,198,1298,7676,2133
201107,"2011","19","Melilla","52","Melilla",0,11408,1019,2079,1676,1168,3324,2142,67,194,1288,7718,2141
201108,"2011","19","Melilla","52","Melilla",0,11384,1012,2111,1685,1135,3326,2115,73,206,1333,7662,2110
201109,"2011","19","Melilla","52","Melilla",0,11759,1145,2165,1700,1243,3340,2166,69,228,1347,7813,2302
201110,"2011","19","Melilla","52","Melilla",0,11487,1143,2108,1692,1193,3206,2145,76,223,1350,7521,2317
201111,"2011","19","Melilla","52","Melilla",0,10619,1126,1872,1441,1184,3025,1971,72,202,1203,6875,2267
201112,"2011","19","Melilla","52","Melilla",0,10357,1080,1866,1454,1139,2869,1949,64,209,1214,6650,2220
