"Cod mes","anio","Cod CA","Comunidad Aut","Cod provincia","Provincia","mes","Total Contratos","Contratos iniciales indefinidos hombres","Contratos iniciales temporales hombres","Contratos convertidos en indefinidos hombres","Contratos iniciales indefinidos mujeres","Contratos iniciales temporales mujeres","Contratos convertidos en indefinidos mujeres","Contratos  Agricultura","Contratos  Industria","Contratos Construcción","Contratos  Servicios"
202201,"2022","16","País Vasco","01","Araba/Álava",0,14577,334,7508,311,314,5760,209,264,3282,406,10570
202202,"2022","16","País Vasco","01","Araba/Álava",0,13484,486,6531,246,480,5396,168,277,2383,347,10410
202203,"2022","16","País Vasco","01","Araba/Álava",0,12894,686,5387,471,665,5082,390,127,2417,338,9941
202204,"2022","16","País Vasco","01","Araba/Álava",0,9816,950,3920,387,831,3218,316,141,1920,223,7448
202205,"2022","16","País Vasco","01","Araba/Álava",0,15236,1786,6791,433,1078,4669,305,1892,3129,408,9751
202206,"2022","16","País Vasco","01","Araba/Álava",0,15149,1600,6502,464,1280,4767,345,1309,2622,421,10719
202207,"2022","16","País Vasco","01","Araba/Álava",0,13673,1252,5653,449,946,4807,369,234,2591,356,10416
202208,"2022","16","País Vasco","01","Araba/Álava",0,11251,852,4691,317,814,4203,185,56,2109,269,8715
202209,"2022","16","País Vasco","01","Araba/Álava",0,18572,2303,8611,321,1806,5094,258,3911,2874,332,11374
202210,"2022","16","País Vasco","01","Araba/Álava",0,15317,2003,6090,272,1988,4633,208,1454,2486,301,11017
202211,"2022","16","País Vasco","01","Araba/Álava",0,13330,1424,5420,245,1152,4711,173,145,2347,270,10482
202212,"2022","16","País Vasco","01","Araba/Álava",0,10120,936,4017,186,802,3871,139,106,1853,188,7917
202201,"2022","08","Castilla - La Mancha","02","Albacete",0,12618,643,6052,357,357,4625,282,3509,1670,527,6751
202202,"2022","08","Castilla - La Mancha","02","Albacete",0,10966,754,4801,489,583,3621,430,2628,1175,546,6427
202203,"2022","08","Castilla - La Mancha","02","Albacete",0,12891,1399,4334,1096,1145,3931,651,2241,1331,652,8485
202204,"2022","08","Castilla - La Mancha","02","Albacete",0,10288,2562,2087,927,1610,2227,558,2143,1205,619,6158
202205,"2022","08","Castilla - La Mancha","02","Albacete",0,14067,4646,3197,526,2347,2746,339,5128,1215,561,6970
202206,"2022","08","Castilla - La Mancha","02","Albacete",0,22255,7843,5390,598,3711,4072,333,11534,1599,619,8354
202207,"2022","08","Castilla - La Mancha","02","Albacete",0,18495,6511,4310,570,3016,3396,315,8782,1456,618,7478
202208,"2022","08","Castilla - La Mancha","02","Albacete",0,13972,4918,3458,316,1897,2857,208,5800,1126,480,6402
202209,"2022","08","Castilla - La Mancha","02","Albacete",0,18644,6107,4835,298,2882,3929,268,6941,1628,510,9423
202210,"2022","08","Castilla - La Mancha","02","Albacete",0,11473,3272,2906,258,1787,2756,177,3260,1098,485,6454
202211,"2022","08","Castilla - La Mancha","02","Albacete",0,10143,3034,2380,234,1524,2448,183,3191,1129,457,5206
202212,"2022","08","Castilla - La Mancha","02","Albacete",0,8394,2304,1776,216,1126,2503,152,2275,870,301,4779
202201,"2022","10","Comunitat Valenciana","03","Alicante/Alacant",0,43425,2535,19678,1746,1888,15864,1385,4292,7281,3328,28359
202202,"2022","10","Comunitat Valenciana","03","Alicante/Alacant",0,43472,3749,18214,2110,3075,14313,1673,4354,6300,3551,29093
202203,"2022","10","Comunitat Valenciana","03","Alicante/Alacant",0,52928,6174,18569,3982,5185,15236,3435,4736,7027,4201,36778
202204,"2022","10","Comunitat Valenciana","03","Alicante/Alacant",0,47188,11122,10380,4142,8410,9406,3449,4075,6038,3324,33588
202205,"2022","10","Comunitat Valenciana","03","Alicante/Alacant",0,52787,13553,11741,3260,9925,11260,2715,4415,5995,3745,38435
202206,"2022","10","Comunitat Valenciana","03","Alicante/Alacant",0,61731,16346,13122,3615,11950,13676,2690,4268,7669,3690,45924
202207,"2022","10","Comunitat Valenciana","03","Alicante/Alacant",0,58610,13575,14127,3244,10734,14100,2439,2603,6759,3358,45711
202208,"2022","10","Comunitat Valenciana","03","Alicante/Alacant",0,39815,8701,10152,2289,6824,9825,1687,2343,3937,2511,30857
202209,"2022","10","Comunitat Valenciana","03","Alicante/Alacant",0,50106,13606,10419,2605,10590,10295,2269,3698,6510,4110,35638
202210,"2022","10","Comunitat Valenciana","03","Alicante/Alacant",0,46811,13460,10381,1714,9401,10130,1383,5493,4831,3241,33069
202211,"2022","10","Comunitat Valenciana","03","Alicante/Alacant",0,41518,11592,9247,1384,8168,9660,1082,4646,4620,3159,28928
202212,"2022","10","Comunitat Valenciana","03","Alicante/Alacant",0,32512,7093,8350,1022,5379,9511,838,2946,3334,2077,24010
202201,"2022","01","Andalucía","04","Almería",0,24502,1840,11182,779,805,9117,470,7720,1051,1315,14170
202202,"2022","01","Andalucía","04","Almería",0,20794,2268,8777,1125,1226,6364,758,6155,882,1562,12031
202203,"2022","01","Andalucía","04","Almería",0,28116,3517,9286,3669,1959,7381,1989,8558,995,1589,16772
202204,"2022","01","Andalucía","04","Almería",0,26803,6132,6024,3058,3603,5516,2094,7756,930,1427,16469
202205,"2022","01","Andalucía","04","Almería",0,25641,6958,6691,1342,3590,5712,1016,7454,903,1440,15652
202206,"2022","01","Andalucía","04","Almería",0,29538,7811,7025,2289,4740,6159,1220,7056,1126,1645,19481
202207,"2022","01","Andalucía","04","Almería",0,28429,7014,6791,1578,4776,7154,792,6493,1162,1283,19254
202208,"2022","01","Andalucía","04","Almería",0,23324,7428,5803,1006,3444,4843,476,7602,813,1168,13561
202209,"2022","01","Andalucía","04","Almería",0,31258,11918,5622,1036,6476,5214,653,11115,935,1462,17574
202210,"2022","01","Andalucía","04","Almería",0,33321,12276,5935,892,7009,6344,500,12312,923,1434,18440
202211,"2022","01","Andalucía","04","Almería",0,29978,10090,5966,591,6464,6217,311,9685,929,1262,17857
202212,"2022","01","Andalucía","04","Almería",0,20317,5659,4611,570,3310,5429,395,5832,604,677,12992
202201,"2022","07","Castilla y León","05","Ávila",0,2615,140,845,82,92,1196,64,53,442,139,1895
202202,"2022","07","Castilla y León","05","Ávila",0,3484,208,1275,67,221,1424,87,151,1217,110,1903
202203,"2022","07","Castilla y León","05","Ávila",0,3259,284,951,96,280,1170,163,107,606,104,2281
202204,"2022","07","Castilla y León","05","Ávila",0,2922,423,733,102,431,893,100,121,425,100,2178
202205,"2022","07","Castilla y León","05","Ávila",0,3637,577,914,110,448,1220,148,120,425,108,2850
202206,"2022","07","Castilla y León","05","Ávila",0,4218,720,999,132,571,1378,85,278,461,132,3178
202207,"2022","07","Castilla y León","05","Ávila",0,4611,755,1226,110,633,1434,72,404,390,145,3517
202208,"2022","07","Castilla y León","05","Ávila",0,3680,459,1254,49,314,1214,46,235,958,75,2286
202209,"2022","07","Castilla y León","05","Ávila",0,3840,580,1058,59,639,1141,58,706,379,77,2527
202210,"2022","07","Castilla y León","05","Ávila",0,4507,1137,681,44,1333,1004,41,1727,303,91,2247
202211,"2022","07","Castilla y León","05","Ávila",0,2384,398,500,31,367,807,33,56,389,106,1707
202212,"2022","07","Castilla y León","05","Ávila",0,2200,235,626,19,188,916,25,58,253,66,1743
202201,"2022","11","Extremadura","06","Badajoz",0,29428,660,17176,264,330,10389,185,12006,1522,2126,13490
202202,"2022","11","Extremadura","06","Badajoz",0,27620,987,14893,528,654,9809,345,10662,1029,2066,13557
202203,"2022","11","Extremadura","06","Badajoz",0,28465,1598,13645,1407,1129,9173,990,9576,1063,2483,15045
202204,"2022","11","Extremadura","06","Badajoz",0,29477,6355,9146,1704,3496,6790,1439,12446,1145,2067,13504
202205,"2022","11","Extremadura","06","Badajoz",0,34662,5617,12448,781,4509,10103,777,15202,1382,2248,15564
202206,"2022","11","Extremadura","06","Badajoz",0,34576,5146,12543,1094,3805,10720,732,13898,1530,2252,16660
202207,"2022","11","Extremadura","06","Badajoz",0,30252,3866,11070,888,2957,10440,503,9673,1714,1997,16570
202208,"2022","11","Extremadura","06","Badajoz",0,27880,4853,10856,433,2827,8074,324,10323,2157,1644,13437
202209,"2022","11","Extremadura","06","Badajoz",0,31543,5479,12500,553,3174,8867,470,12420,1339,1820,15677
202210,"2022","11","Extremadura","06","Badajoz",0,26504,4682,9350,443,3030,8056,410,8030,1269,1864,15017
202211,"2022","11","Extremadura","06","Badajoz",0,22898,4381,8880,332,2285,6294,246,8203,1086,1635,11667
202212,"2022","11","Extremadura","06","Badajoz",0,19383,2699,7802,283,1659,6178,245,6492,627,1279,10648
202201,"2022","04","Balears, Illes","07","Balears, Illes",0,23086,2682,9112,1078,1685,7504,798,193,896,4845,17022
202202,"2022","04","Balears, Illes","07","Balears, Illes",0,26706,4357,9241,1535,3163,7129,1079,241,1281,5101,19978
202203,"2022","04","Balears, Illes","07","Balears, Illes",0,38781,8785,9246,3158,7072,7947,2390,283,1505,5350,31520
202204,"2022","04","Balears, Illes","07","Balears, Illes",0,48461,18218,4631,2592,16224,4922,1672,233,1427,3934,42748
202205,"2022","04","Balears, Illes","07","Balears, Illes",0,63273,25351,6400,1841,21424,6867,1219,397,1497,4176,57078
202206,"2022","04","Balears, Illes","07","Balears, Illes",0,59292,22907,7025,1737,18848,7473,1142,281,1517,3761,53606
202207,"2022","04","Balears, Illes","07","Balears, Illes",0,51284,17835,7404,1699,15251,7807,1109,143,1219,3269,46479
202208,"2022","04","Balears, Illes","07","Balears, Illes",0,37743,11934,7168,1255,9488,6802,898,428,953,2433,33785
202209,"2022","04","Balears, Illes","07","Balears, Illes",0,35396,10732,6549,1235,8807,6995,896,213,1029,4242,29808
202210,"2022","04","Balears, Illes","07","Balears, Illes",0,28680,8878,5769,679,6376,6213,522,145,1055,4019,23313
202211,"2022","04","Balears, Illes","07","Balears, Illes",0,25939,9576,4290,551,5722,5178,388,130,1076,4841,19731
202212,"2022","04","Balears, Illes","07","Balears, Illes",0,18846,5690,3750,357,3760,4792,242,153,569,2546,15438
202201,"2022","09","Cataluña","08","Barcelona",0,168633,13712,65140,5275,11310,67860,4396,541,29087,6834,131741
202202,"2022","09","Cataluña","08","Barcelona",0,165686,18005,58608,6229,15854,60472,5569,479,21458,7710,135534
202203,"2022","09","Cataluña","08","Barcelona",0,191193,24818,61191,10768,21818,62011,9639,372,22703,8757,158869
202204,"2022","09","Cataluña","08","Barcelona",0,159456,29538,44739,9019,25165,41726,8401,445,23391,6773,128386
202205,"2022","09","Cataluña","08","Barcelona",0,188680,38254,52066,7637,30507,52311,6938,1283,22719,8177,155979
202206,"2022","09","Cataluña","08","Barcelona",0,197891,37554,57838,7790,31217,55947,6646,575,24111,7774,164904
202207,"2022","09","Cataluña","08","Barcelona",0,200280,35539,59207,8430,29716,59675,6827,411,25954,7780,165642
202208,"2022","09","Cataluña","08","Barcelona",0,147764,25907,45873,5066,20832,45119,4138,1267,19968,5116,120969
202209,"2022","09","Cataluña","08","Barcelona",0,199024,41226,49971,7034,41827,51730,6376,658,25217,8288,164388
202210,"2022","09","Cataluña","08","Barcelona",0,181017,36511,49386,4899,34497,50563,4217,332,20912,7444,151815
202211,"2022","09","Cataluña","08","Barcelona",0,169436,33092,46734,4098,29756,51245,3634,431,19960,6913,141657
202212,"2022","09","Cataluña","08","Barcelona",0,133829,22596,40168,3072,20365,43683,3018,311,15356,4103,113577
202201,"2022","07","Castilla y León","09","Burgos",0,9864,449,4208,246,324,4073,229,408,3318,370,5594
202202,"2022","07","Castilla y León","09","Burgos",0,8472,444,3371,242,360,3392,306,394,2288,407,5175
202203,"2022","07","Castilla y León","09","Burgos",0,9672,562,3565,374,575,3515,558,254,2723,354,6165
202204,"2022","07","Castilla y León","09","Burgos",0,8658,998,2533,481,1041,2706,412,152,2495,356,5472
202205,"2022","07","Castilla y León","09","Burgos",0,11126,1854,3228,474,1504,3197,383,1173,2827,454,6430
202206,"2022","07","Castilla y León","09","Burgos",0,12028,1694,3612,638,1331,3688,496,926,2856,393,7600
202207,"2022","07","Castilla y León","09","Burgos",0,11611,1292,3683,396,1166,4152,311,353,2677,376,7966
202208,"2022","07","Castilla y León","09","Burgos",0,9006,902,3094,311,774,3160,265,169,2445,303,5870
202209,"2022","07","Castilla y León","09","Burgos",0,13027,2386,3986,315,1953,3489,362,2467,2933,326,7086
202210,"2022","07","Castilla y León","09","Burgos",0,10570,1639,3191,232,1556,3260,197,861,2661,313,6521
202211,"2022","07","Castilla y León","09","Burgos",0,8118,1093,2533,221,958,2783,182,120,2616,296,4943
202212,"2022","07","Castilla y León","09","Burgos",0,7263,767,2304,184,854,2722,152,123,2089,173,4769
202201,"2022","11","Extremadura","10","Cáceres",0,10635,433,4913,113,217,4462,86,2650,924,1194,5457
202202,"2022","11","Extremadura","10","Cáceres",0,9887,464,4386,172,300,3922,128,2403,519,1219,5331
202203,"2022","11","Extremadura","10","Cáceres",0,11601,861,4092,650,752,4260,340,2711,523,1428,6500
202204,"2022","11","Extremadura","10","Cáceres",0,10800,1810,2609,743,1390,2927,516,2340,653,1130,6273
202205,"2022","11","Extremadura","10","Cáceres",0,15120,3189,4082,510,2202,4135,275,5482,660,1174,7373
202206,"2022","11","Extremadura","10","Cáceres",0,16117,2898,4760,521,2009,4848,322,5153,545,1121,8904
202207,"2022","11","Extremadura","10","Cáceres",0,13325,2241,3659,465,1457,4443,238,2959,577,1100,8322
202208,"2022","11","Extremadura","10","Cáceres",0,11528,2104,3724,219,1118,3500,138,2980,917,893,6377
202209,"2022","11","Extremadura","10","Cáceres",0,13281,3096,3668,223,2061,3435,156,4076,728,1114,6971
202210,"2022","11","Extremadura","10","Cáceres",0,12438,2522,3695,181,1553,3669,154,3694,694,1088,6493
202211,"2022","11","Extremadura","10","Cáceres",0,9734,1563,3073,187,944,3185,73,2892,421,1238,4682
202212,"2022","11","Extremadura","10","Cáceres",0,7591,865,2296,190,780,2707,90,1434,334,794,4555
202201,"2022","01","Andalucía","11","Cádiz",0,42060,1320,22901,978,842,15117,790,4585,3312,4148,29971
202202,"2022","01","Andalucía","11","Cádiz",0,36680,1547,18817,1128,1228,12925,934,3277,2703,3781,26875
202203,"2022","01","Andalucía","11","Cádiz",0,46060,3008,20043,3106,2287,14847,2665,3863,3031,4398,34721
202204,"2022","01","Andalucía","11","Cádiz",0,46388,8590,15315,3142,5723,11070,2484,3994,3419,4369,34552
202205,"2022","01","Andalucía","11","Cádiz",0,50314,8715,18800,1720,5761,13796,1409,4763,3382,3839,38269
202206,"2022","01","Andalucía","11","Cádiz",0,52106,11970,14737,2125,7171,14419,1585,4546,3461,3727,40321
202207,"2022","01","Andalucía","11","Cádiz",0,43731,8260,12998,1957,5895,13086,1432,2600,3091,2946,35033
202208,"2022","01","Andalucía","11","Cádiz",0,34843,5850,12316,1304,3698,10634,963,4284,2403,2573,25532
202209,"2022","01","Andalucía","11","Cádiz",0,35751,6259,10865,1439,5096,10743,1257,2953,2645,3066,27036
202210,"2022","01","Andalucía","11","Cádiz",0,32380,5838,10312,1129,4402,9807,803,3194,2577,2868,23699
202211,"2022","01","Andalucía","11","Cádiz",0,32580,6429,10666,723,4340,9743,594,4366,2434,2968,22749
202212,"2022","01","Andalucía","11","Cádiz",0,25413,4133,8507,586,2677,8963,462,2925,1749,1848,18826
202201,"2022","10","Comunitat Valenciana","12","Castellón/Castelló",0,14801,994,6738,637,624,5095,428,1513,2549,829,9745
202202,"2022","10","Comunitat Valenciana","12","Castellón/Castelló",0,14356,1519,5902,831,1066,4233,527,1564,2207,1055,9355
202203,"2022","10","Comunitat Valenciana","12","Castellón/Castelló",0,16317,2095,5357,1468,1722,4364,1013,1355,2468,1040,11314
202204,"2022","10","Comunitat Valenciana","12","Castellón/Castelló",0,17176,3836,3786,1557,2877,3742,1036,1178,2120,1013,12707
202205,"2022","10","Comunitat Valenciana","12","Castellón/Castelló",0,17385,4159,4179,1127,2913,3914,757,985,2577,1021,12625
202206,"2022","10","Comunitat Valenciana","12","Castellón/Castelló",0,21069,5143,4672,1251,3949,4959,700,468,2984,1174,16247
202207,"2022","10","Comunitat Valenciana","12","Castellón/Castelló",0,20943,4666,5292,989,4006,4894,616,465,2647,980,16660
202208,"2022","10","Comunitat Valenciana","12","Castellón/Castelló",0,15561,3548,4336,678,2732,3580,365,358,1858,610,12557
202209,"2022","10","Comunitat Valenciana","12","Castellón/Castelló",0,16133,4393,3120,809,3763,3175,527,667,2158,997,12146
202210,"2022","10","Comunitat Valenciana","12","Castellón/Castelló",0,18001,5919,2994,552,4457,3233,422,3084,1574,838,12328
202211,"2022","10","Comunitat Valenciana","12","Castellón/Castelló",0,16113,5435,2886,404,3179,3606,245,3734,1402,798,10012
202212,"2022","10","Comunitat Valenciana","12","Castellón/Castelló",0,10831,2517,2263,267,1910,3376,211,1141,1002,519,8049
202201,"2022","08","Castilla - La Mancha","13","Ciudad Real",0,13111,481,6952,349,258,4603,211,3803,1576,981,6586
202202,"2022","08","Castilla - La Mancha","13","Ciudad Real",0,11667,578,6108,509,347,3557,266,2831,1521,1120,6033
202203,"2022","08","Castilla - La Mancha","13","Ciudad Real",0,13336,935,5205,829,612,4767,619,1569,1286,1324,8937
202204,"2022","08","Castilla - La Mancha","13","Ciudad Real",0,10642,2233,2588,937,1290,2498,718,1440,1275,1019,6687
202205,"2022","08","Castilla - La Mancha","13","Ciudad Real",0,12595,3274,3491,522,1739,2861,386,2917,1250,991,7266
202206,"2022","08","Castilla - La Mancha","13","Ciudad Real",0,15153,3804,4231,825,2012,3470,448,3596,1532,1114,8724
202207,"2022","08","Castilla - La Mancha","13","Ciudad Real",0,16059,3927,4251,818,2045,4203,480,3603,1625,976,9645
202208,"2022","08","Castilla - La Mancha","13","Ciudad Real",0,13278,3315,3958,469,1508,3453,270,2823,1799,851,7636
202209,"2022","08","Castilla - La Mancha","13","Ciudad Real",0,25424,9446,6602,532,3860,4330,334,13657,1989,1162,8450
202210,"2022","08","Castilla - La Mancha","13","Ciudad Real",0,13982,4121,3673,404,1989,3241,286,3709,1363,958,7784
202211,"2022","08","Castilla - La Mancha","13","Ciudad Real",0,12050,3716,3485,318,1393,2615,178,4002,1303,839,5744
202212,"2022","08","Castilla - La Mancha","13","Ciudad Real",0,11263,3418,3367,189,1255,2543,171,4544,900,428,5197
202201,"2022","01","Andalucía","14","Córdoba",0,50845,748,30572,529,465,17917,364,32489,2727,2306,13200
202202,"2022","01","Andalucía","14","Córdoba",0,39808,944,23306,614,700,13444,590,21778,2258,2452,13249
202203,"2022","01","Andalucía","14","Córdoba",0,38613,2059,18943,1937,1288,12713,1469,14732,2994,3639,17175
202204,"2022","01","Andalucía","14","Córdoba",0,31582,6128,10095,2312,3052,7955,1857,10054,2583,3554,15309
202205,"2022","01","Andalucía","14","Córdoba",0,36792,6510,13875,995,3334,10940,919,13923,2435,3605,16727
202206,"2022","01","Andalucía","14","Córdoba",0,31175,5369,11076,1445,2954,9147,965,9436,2594,3478,15585
202207,"2022","01","Andalucía","14","Córdoba",0,25718,4203,8873,1339,2174,8095,804,4723,2462,3287,15145
202208,"2022","01","Andalucía","14","Córdoba",0,23021,5017,8050,639,2237,6377,508,7172,1862,2919,10960
202209,"2022","01","Andalucía","14","Córdoba",0,29818,6788,9629,749,4154,7679,644,9008,2453,2846,15435
202210,"2022","01","Andalucía","14","Córdoba",0,32397,8069,10255,573,4674,8158,442,13045,2449,2283,14532
202211,"2022","01","Andalucía","14","Córdoba",0,38495,11424,11728,525,5716,8633,323,20738,2285,2283,13103
202212,"2022","01","Andalucía","14","Córdoba",0,38920,11630,11474,404,6189,8732,280,24982,1623,1697,10510
202201,"2022","12","Galicia","15","Coruña, A",0,29329,1654,11644,903,1289,12663,734,634,5255,1477,21715
202202,"2022","12","Galicia","15","Coruña, A",0,27184,2037,9975,1216,1841,10577,1178,670,3633,1591,21079
202203,"2022","12","Galicia","15","Coruña, A",0,31039,2869,11217,1771,2497,10734,1619,793,4204,1726,24092
202204,"2022","12","Galicia","15","Coruña, A",0,27970,3668,8415,2070,3516,8331,1652,775,3206,1316,22473
202205,"2022","12","Galicia","15","Coruña, A",0,30227,4416,9329,1442,3925,9671,1132,727,3431,1380,24475
202206,"2022","12","Galicia","15","Coruña, A",0,33704,4897,9965,1633,4391,11063,1417,724,3658,1637,27457
202207,"2022","12","Galicia","15","Coruña, A",0,35500,4760,11310,1563,4181,12256,1156,683,4544,1510,28583
202208,"2022","12","Galicia","15","Coruña, A",0,29777,3744,10368,1026,2911,10517,857,526,3314,1384,24320
202209,"2022","12","Galicia","15","Coruña, A",0,33242,5097,10335,1169,5086,10208,998,740,3861,1499,26922
202210,"2022","12","Galicia","15","Coruña, A",0,30789,4442,9514,930,4588,10164,832,840,3598,1141,24951
202211,"2022","12","Galicia","15","Coruña, A",0,27818,3945,9064,715,3447,9703,588,578,3620,1135,22240
202212,"2022","12","Galicia","15","Coruña, A",0,23326,2793,7912,452,2652,8669,435,407,2774,667,19213
202201,"2022","08","Castilla - La Mancha","16","Cuenca",0,5203,204,2317,158,111,1973,101,670,1371,251,2739
202202,"2022","08","Castilla - La Mancha","16","Cuenca",0,5421,256,2429,222,187,1819,134,636,1610,267,2649
202203,"2022","08","Castilla - La Mancha","16","Cuenca",0,5960,415,2213,426,268,1905,287,576,1345,320,3501
202204,"2022","08","Castilla - La Mancha","16","Cuenca",0,5495,951,1426,494,549,1252,341,673,1303,277,3019
202205,"2022","08","Castilla - La Mancha","16","Cuenca",0,7295,1886,1810,451,1003,1443,214,2422,1225,296,3120
202206,"2022","08","Castilla - La Mancha","16","Cuenca",0,10707,3736,2129,335,1979,1744,168,4957,1261,325,3932
202207,"2022","08","Castilla - La Mancha","16","Cuenca",0,9579,2829,2015,262,1653,2105,186,3438,1257,305,4339
202208,"2022","08","Castilla - La Mancha","16","Cuenca",0,5966,1367,1630,134,850,1432,86,1196,939,226,3415
202209,"2022","08","Castilla - La Mancha","16","Cuenca",0,8545,2922,2136,159,1218,1583,106,3466,1276,339,3244
202210,"2022","08","Castilla - La Mancha","16","Cuenca",0,5506,1309,1538,129,732,1304,77,1108,946,321,2944
202211,"2022","08","Castilla - La Mancha","16","Cuenca",0,5479,1574,1260,125,797,1217,82,1478,1012,353,2432
202212,"2022","08","Castilla - La Mancha","16","Cuenca",0,4022,850,1059,61,471,1171,63,714,774,196,2144
202201,"2022","09","Cataluña","17","Girona",0,20940,1996,8096,764,1198,7668,546,318,6340,1110,12813
202202,"2022","09","Cataluña","17","Girona",0,20263,2815,6551,978,2095,6333,763,161,4550,1457,13689
202203,"2022","09","Cataluña","17","Girona",0,23302,4294,6271,1538,3469,5688,1326,220,4919,1599,16132
202204,"2022","09","Cataluña","17","Girona",0,24654,6531,4749,1331,5780,4555,988,326,4427,1211,18317
202205,"2022","09","Cataluña","17","Girona",0,25016,6707,5225,922,5552,5108,784,341,4356,1238,18653
202206,"2022","09","Cataluña","17","Girona",0,34140,9814,6814,916,8297,6826,706,471,4891,1369,27017
202207,"2022","09","Cataluña","17","Girona",0,31986,8279,7015,1062,7657,6549,707,191,4899,1085,25422
202208,"2022","09","Cataluña","17","Girona",0,22100,5037,5787,618,3710,5819,457,896,4258,732,15865
202209,"2022","09","Cataluña","17","Girona",0,24565,5824,5685,703,4991,6088,569,893,4945,1292,17028
202210,"2022","09","Cataluña","17","Girona",0,20479,4804,4888,461,3832,5412,383,385,4321,1178,14258
202211,"2022","09","Cataluña","17","Girona",0,18861,4342,4647,496,3142,5183,396,353,4309,1048,12730
202212,"2022","09","Cataluña","17","Girona",0,15002,2920,3883,262,2432,4658,266,68,3368,527,10754
202201,"2022","01","Andalucía","18","Granada",0,47356,1251,26853,644,795,16976,416,21826,1982,2594,20570
202202,"2022","01","Andalucía","18","Granada",0,37643,1354,20113,663,1086,13314,585,15206,1614,2423,18066
202203,"2022","01","Andalucía","18","Granada",0,40096,2595,16952,1876,2553,13893,1696,11768,1977,3234,22796
202204,"2022","01","Andalucía","18","Granada",0,33129,6081,9066,2355,4464,8797,1801,8231,1802,3045,19692
202205,"2022","01","Andalucía","18","Granada",0,34621,6339,10676,1300,4662,9973,1104,8210,1817,3186,21101
202206,"2022","01","Andalucía","18","Granada",0,33674,6292,10098,1487,4467,9685,1002,5828,1879,3217,22405
202207,"2022","01","Andalucía","18","Granada",0,31094,5330,9437,1144,4065,9624,898,4711,1776,2557,21661
202208,"2022","01","Andalucía","18","Granada",0,24226,4943,7215,792,3464,6645,647,3724,1389,2151,16608
202209,"2022","01","Andalucía","18","Granada",0,32824,7037,8427,994,6063,8886,823,5040,1679,2630,23098
202210,"2022","01","Andalucía","18","Granada",0,29979,6684,8095,654,5354,8064,549,5592,1834,2068,20165
202211,"2022","01","Andalucía","18","Granada",0,30854,7848,8944,506,4651,7965,411,8604,1737,2417,17745
202212,"2022","01","Andalucía","18","Granada",0,31218,8364,9851,413,3885,7861,325,13271,1318,1476,14793
202201,"2022","08","Castilla - La Mancha","19","Guadalajara",0,14172,299,6495,199,259,6576,115,65,2341,344,11325
202202,"2022","08","Castilla - La Mancha","19","Guadalajara",0,9434,459,3961,236,299,4028,147,120,1563,395,7242
202203,"2022","08","Castilla - La Mancha","19","Guadalajara",0,8764,672,3568,422,467,3011,312,91,1705,433,6417
202204,"2022","08","Castilla - La Mancha","19","Guadalajara",0,8211,1499,2397,566,1136,1942,364,642,1372,377,5735
202205,"2022","08","Castilla - La Mancha","19","Guadalajara",0,11209,1635,3809,271,1093,3854,225,227,1748,446,8668
202206,"2022","08","Castilla - La Mancha","19","Guadalajara",0,12051,1470,4303,344,1086,4360,187,151,1841,448,9496
202207,"2022","08","Castilla - La Mancha","19","Guadalajara",0,10860,1278,4015,316,885,3859,168,68,1906,418,8350
202208,"2022","08","Castilla - La Mancha","19","Guadalajara",0,8725,1028,3361,218,613,3122,129,40,1693,370,6542
202209,"2022","08","Castilla - La Mancha","19","Guadalajara",0,9575,1381,3294,236,1152,3063,162,85,1767,452,7148
202210,"2022","08","Castilla - La Mancha","19","Guadalajara",0,9781,1544,3100,192,1313,3250,144,111,1633,394,7544
202211,"2022","08","Castilla - La Mancha","19","Guadalajara",0,9659,1275,3401,164,930,3561,123,50,1568,399,7547
202212,"2022","08","Castilla - La Mancha","19","Guadalajara",0,8491,869,3109,119,602,3546,77,35,1233,228,6941
202201,"2022","16","País Vasco","20","Gipuzkoa",0,21695,899,8645,505,942,10033,377,46,3842,501,17180
202202,"2022","16","País Vasco","20","Gipuzkoa",0,19719,1166,7331,501,1428,8577,425,58,3043,459,16036
202203,"2022","16","País Vasco","20","Gipuzkoa",0,22429,1622,7823,914,1753,9211,865,93,3259,561,18381
202204,"2022","16","País Vasco","20","Gipuzkoa",0,17116,1852,5253,768,1938,6344,676,56,2634,444,13831
202205,"2022","16","País Vasco","20","Gipuzkoa",0,20197,2252,6675,716,2241,7479,573,83,2923,534,16523
202206,"2022","16","País Vasco","20","Gipuzkoa",0,25117,2867,8455,896,3013,8922,662,152,4050,541,20256
202207,"2022","16","País Vasco","20","Gipuzkoa",0,22403,2447,7602,780,2759,7940,600,209,3276,461,18288
202208,"2022","16","País Vasco","20","Gipuzkoa",0,17635,1672,6520,469,1763,6683,258,82,2305,276,14809
202209,"2022","16","País Vasco","20","Gipuzkoa",0,24864,3022,8032,626,3614,8704,581,826,3086,421,20383
202210,"2022","16","País Vasco","20","Gipuzkoa",0,22104,2435,7478,534,2998,7974,410,171,2786,421,18563
202211,"2022","16","País Vasco","20","Gipuzkoa",0,19070,1914,6303,335,2167,7709,370,43,2571,357,15957
202212,"2022","16","País Vasco","20","Gipuzkoa",0,17841,1393,6657,386,1618,7255,232,19,2215,217,15227
202201,"2022","01","Andalucía","21","Huelva",0,42627,1309,20839,390,1590,17816,497,25767,1387,2084,13270
202202,"2022","01","Andalucía","21","Huelva",0,46393,2006,22407,735,2482,17809,781,31907,919,1717,11732
202203,"2022","01","Andalucía","21","Huelva",0,62531,4716,25684,2655,5108,21640,2528,42984,1359,2060,15992
202204,"2022","01","Andalucía","21","Huelva",0,48172,12806,12338,2887,7939,9331,2656,30990,1268,1914,13897
202205,"2022","01","Andalucía","21","Huelva",0,34695,7803,11965,1025,4409,8507,763,17399,1239,1731,14211
202206,"2022","01","Andalucía","21","Huelva",0,29317,5618,9189,1427,3734,7833,1261,9440,1203,1731,16807
202207,"2022","01","Andalucía","21","Huelva",0,24797,4775,7784,1166,3134,7121,600,5016,1161,1541,16951
202208,"2022","01","Andalucía","21","Huelva",0,19274,4608,6018,679,2181,5206,379,4985,935,1302,11923
202209,"2022","01","Andalucía","21","Huelva",0,23313,5860,6172,727,4096,5680,545,8475,1033,1468,12155
202210,"2022","01","Andalucía","21","Huelva",0,30889,8913,7464,491,7786,5667,297,16855,989,1212,11675
202211,"2022","01","Andalucía","21","Huelva",0,22996,6516,6190,435,4259,5108,267,9577,1009,1639,10671
202212,"2022","01","Andalucía","21","Huelva",0,18688,4636,5627,358,2858,4702,261,8232,816,993,8513
202201,"2022","02","Aragón","22","Huesca",0,6037,305,2429,207,289,2321,153,544,996,284,4015
202202,"2022","02","Aragón","22","Huesca",0,6156,397,2493,281,288,2122,142,671,897,310,4054
202203,"2022","02","Aragón","22","Huesca",0,7952,647,2963,442,512,2447,413,808,782,291,5848
202204,"2022","02","Aragón","22","Huesca",0,6142,1085,1330,602,784,1440,359,730,876,248,4066
202205,"2022","02","Aragón","22","Huesca",0,8250,2327,1775,520,1319,1502,253,2531,989,379,4104
202206,"2022","02","Aragón","22","Huesca",0,9695,2402,2259,383,1721,2122,228,1936,965,353,6175
202207,"2022","02","Aragón","22","Huesca",0,9338,2149,2189,398,1556,2238,209,1440,821,310,6479
202208,"2022","02","Aragón","22","Huesca",0,7313,1455,2154,332,732,1923,186,1347,718,247,4787
202209,"2022","02","Aragón","22","Huesca",0,6682,1347,1663,277,1028,1714,175,812,717,283,4624
202210,"2022","02","Aragón","22","Huesca",0,5630,1447,1208,165,827,1446,115,637,719,289,3725
202211,"2022","02","Aragón","22","Huesca",0,4994,1387,1010,165,724,1237,114,590,767,289,3128
202212,"2022","02","Aragón","22","Huesca",0,5563,1366,1211,92,993,1433,101,348,452,122,4454
202201,"2022","01","Andalucía","23","Jaén",0,87974,557,63511,340,262,22832,215,73866,2493,1388,10066
202202,"2022","01","Andalucía","23","Jaén",0,43520,765,29713,414,440,11642,277,29124,1649,1814,10740
202203,"2022","01","Andalucía","23","Jaén",0,31253,1411,16955,1276,1030,9265,1017,11822,1717,2762,14813
202204,"2022","01","Andalucía","23","Jaén",0,22820,4807,7880,1551,1742,5332,1222,5958,1736,2388,12594
202205,"2022","01","Andalucía","23","Jaén",0,24462,4739,9156,657,1885,7245,509,5430,1692,2602,14584
202206,"2022","01","Andalucía","23","Jaén",0,22475,4447,7711,914,1973,6617,551,3870,1539,2380,14521
202207,"2022","01","Andalucía","23","Jaén",0,20877,3785,7412,703,1754,6531,419,2881,1523,2154,14175
202208,"2022","01","Andalucía","23","Jaén",0,20792,4377,7692,431,1741,5995,282,4334,1275,1823,13206
202209,"2022","01","Andalucía","23","Jaén",0,23523,5335,7922,468,2592,6604,336,5345,1609,2396,14048
202210,"2022","01","Andalucía","23","Jaén",0,22870,5066,8274,390,2503,6225,196,7087,1252,2116,12267
202211,"2022","01","Andalucía","23","Jaén",0,39524,12516,14057,287,4511,7834,168,25528,1443,1857,10549
202212,"2022","01","Andalucía","23","Jaén",0,72742,26376,25794,274,8928,11070,140,62875,1096,875,7726
202201,"2022","07","Castilla y León","24","León",0,8159,435,2736,298,418,3490,248,110,1289,338,6167
202202,"2022","07","Castilla y León","24","León",0,8110,499,2620,381,575,3012,515,172,1138,403,6128
202203,"2022","07","Castilla y León","24","León",0,9339,802,2824,607,825,3053,617,180,1103,529,7291
202204,"2022","07","Castilla y León","24","León",0,8636,1268,1821,545,1420,2355,601,136,1010,359,6850
202205,"2022","07","Castilla y León","24","León",0,9975,1499,2528,402,1700,2788,434,332,1033,425,7892
202206,"2022","07","Castilla y León","24","León",0,11268,1550,2966,566,1620,3429,397,227,1150,424,9158
202207,"2022","07","Castilla y León","24","León",0,11361,1571,3256,475,1450,3589,348,371,1240,465,9018
202208,"2022","07","Castilla y León","24","León",0,10036,1386,3079,374,1239,3158,225,444,1248,397,7735
202209,"2022","07","Castilla y León","24","León",0,11695,2620,2499,313,2509,2994,281,2225,1143,349,7751
202210,"2022","07","Castilla y León","24","León",0,9463,1566,2377,230,1824,2684,238,259,1018,344,7576
202211,"2022","07","Castilla y León","24","León",0,7518,1077,1934,174,1316,2400,181,100,886,274,6031
202212,"2022","07","Castilla y León","24","León",0,6889,895,1820,155,1099,2339,145,55,679,222,5747
202201,"2022","09","Cataluña","25","Lleida",0,11736,880,4992,446,532,4040,316,1138,1823,587,7906
202202,"2022","09","Cataluña","25","Lleida",0,10525,1203,4009,533,701,3107,328,1082,1217,709,7159
202203,"2022","09","Cataluña","25","Lleida",0,12135,1819,3733,1049,1105,3048,748,1328,1503,752,8213
202204,"2022","09","Cataluña","25","Lleida",0,10511,2555,2088,1214,1435,1834,694,1352,1367,723,6700
202205,"2022","09","Cataluña","25","Lleida",0,15486,5345,3428,735,2567,2370,414,4594,1447,817,8278
202206,"2022","09","Cataluña","25","Lleida",0,17828,5313,4095,725,2958,3537,506,4394,1493,758,10812
202207,"2022","09","Cataluña","25","Lleida",0,17848,5632,4216,818,2711,3339,467,4903,1477,799,10332
202208,"2022","09","Cataluña","25","Lleida",0,16243,5648,4367,538,1817,3004,237,6527,1119,649,7660
202209,"2022","09","Cataluña","25","Lleida",0,15610,4944,3587,439,2705,3021,356,4135,1131,732,9305
202210,"2022","09","Cataluña","25","Lleida",0,11108,3351,2180,322,2022,2326,287,1444,1123,647,7526
202211,"2022","09","Cataluña","25","Lleida",0,10184,3198,1917,306,1804,2069,180,1263,988,560,6958
202212,"2022","09","Cataluña","25","Lleida",0,8423,2549,1582,172,1507,1879,163,616,576,297,6632
202201,"2022","17","Rioja, La","26","Rioja, La",0,10474,423,4626,257,358,4354,180,1084,3380,314,5541
202202,"2022","17","Rioja, La","26","Rioja, La",0,9241,505,3784,260,524,3565,281,952,1912,347,5875
202203,"2022","17","Rioja, La","26","Rioja, La",0,9146,653,3300,426,651,3383,423,605,1984,338,6078
202204,"2022","17","Rioja, La","26","Rioja, La",0,8337,1152,2302,504,1069,2563,374,506,2057,313,5288
202205,"2022","17","Rioja, La","26","Rioja, La",0,14470,3109,5308,364,1470,3572,329,5959,2108,343,5892
202206,"2022","17","Rioja, La","26","Rioja, La",0,13224,1940,5040,420,1475,3684,311,3391,2689,339,6646
202207,"2022","17","Rioja, La","26","Rioja, La",0,11148,1450,3795,427,1130,3693,267,1205,2413,363,7022
202208,"2022","17","Rioja, La","26","Rioja, La",0,10538,1415,4400,263,1009,2921,230,2485,2104,257,5561
202209,"2022","17","Rioja, La","26","Rioja, La",0,22771,4690,10634,319,1935,4615,259,12023,2752,333,7522
202210,"2022","17","Rioja, La","26","Rioja, La",0,11860,1793,4584,180,1627,3187,173,3011,2374,282,6017
202211,"2022","17","Rioja, La","26","Rioja, La",0,7807,1312,2243,151,1043,2648,117,773,1827,294,4770
202212,"2022","17","Rioja, La","26","Rioja, La",0,6723,871,1978,157,711,2612,119,693,1303,158,4427
202201,"2022","12","Galicia","27","Lugo",0,6876,450,2458,185,260,2980,193,359,1260,296,4766
202202,"2022","12","Galicia","27","Lugo",0,6481,548,2099,234,412,2597,242,347,943,244,4737
202203,"2022","12","Galicia","27","Lugo",0,6972,676,2323,341,620,2363,298,404,802,260,5304
202204,"2022","12","Galicia","27","Lugo",0,6670,1023,1686,376,1025,1947,317,357,792,239,5114
202205,"2022","12","Galicia","27","Lugo",0,6974,1099,1885,307,1015,2095,244,274,837,254,5432
202206,"2022","12","Galicia","27","Lugo",0,8308,1208,2361,336,1229,2510,355,404,809,258,6668
202207,"2022","12","Galicia","27","Lugo",0,9895,1368,2924,358,1427,3252,252,817,949,244,7732
202208,"2022","12","Galicia","27","Lugo",0,7750,1002,2685,250,880,2458,180,315,759,237,6267
202209,"2022","12","Galicia","27","Lugo",0,8235,1234,2323,260,1286,2560,244,353,818,221,6678
202210,"2022","12","Galicia","27","Lugo",0,6816,1138,1912,131,1060,2141,153,287,558,152,5620
202211,"2022","12","Galicia","27","Lugo",0,5703,953,1549,137,877,1729,125,304,667,191,4373
202212,"2022","12","Galicia","27","Lugo",0,5080,693,1333,78,742,1774,125,165,414,63,4265
202201,"2022","13","Madrid, Comunidad de","28","Madrid",0,198291,19835,73028,6222,17153,76091,5435,1366,13470,10555,172616
202202,"2022","13","Madrid, Comunidad de","28","Madrid",0,191921,23984,67225,8348,21168,62348,8262,971,10899,11824,167951
202203,"2022","13","Madrid, Comunidad de","28","Madrid",0,234152,32567,74029,13636,29342,71500,12519,426,11143,13195,209045
202204,"2022","13","Madrid, Comunidad de","28","Madrid",0,180900,37552,42805,12620,33121,43649,10567,374,10309,11372,158595
202205,"2022","13","Madrid, Comunidad de","28","Madrid",0,206596,45158,53119,9149,38235,52524,7891,506,11829,11525,182445
202206,"2022","13","Madrid, Comunidad de","28","Madrid",0,238203,50445,62764,11344,41186,62081,9895,627,12765,13042,211488
202207,"2022","13","Madrid, Comunidad de","28","Madrid",0,208950,39770,59592,9520,32649,59235,7659,393,12876,11552,183843
202208,"2022","13","Madrid, Comunidad de","28","Madrid",0,155531,32895,43181,6709,25289,41776,5117,298,9718,10120,135129
202209,"2022","13","Madrid, Comunidad de","28","Madrid",0,240096,55389,56116,7736,56551,56861,6892,417,12323,12214,214876
202210,"2022","13","Madrid, Comunidad de","28","Madrid",0,220678,49918,52745,6026,52205,53993,5302,457,10395,10908,198652
202211,"2022","13","Madrid, Comunidad de","28","Madrid",0,214336,44775,57802,4586,42552,60047,3993,640,10991,10295,192117
202212,"2022","13","Madrid, Comunidad de","28","Madrid",0,159992,31598,43938,4099,30311,45991,3490,707,8030,6224,144752
202201,"2022","01","Andalucía","29","Málaga",0,57138,2309,27878,1579,1690,22074,1348,10215,3527,5763,37474
202202,"2022","01","Andalucía","29","Málaga",0,53512,3663,23402,1876,2972,19572,1724,7352,2750,5819,37453
202203,"2022","01","Andalucía","29","Málaga",0,63395,6419,22811,3985,5081,21093,3697,4941,2818,6647,48838
202204,"2022","01","Andalucía","29","Málaga",0,59403,12909,15028,4415,9765,13360,3605,4387,3253,5611,45993
202205,"2022","01","Andalucía","29","Málaga",0,63954,14656,16924,3096,10732,15562,2678,4081,3130,5513,51026
202206,"2022","01","Andalucía","29","Málaga",0,73146,16285,19809,3353,12471,18272,2619,3803,3098,5442,60644
202207,"2022","01","Andalucía","29","Málaga",0,65575,13880,18296,3062,10555,17273,2151,2945,2925,4600,54927
202208,"2022","01","Andalucía","29","Málaga",0,50722,10099,15493,2281,7156,13719,1654,2321,2531,3867,41847
202209,"2022","01","Andalucía","29","Málaga",0,58089,12784,15397,2501,10040,15043,2008,4780,2422,5298,45391
202210,"2022","01","Andalucía","29","Málaga",0,57076,12583,16033,1830,10030,14572,1686,8023,1935,4817,42114
202211,"2022","01","Andalucía","29","Málaga",0,55289,12167,16203,1320,8947,15265,1074,7472,2369,4975,40281
202212,"2022","01","Andalucía","29","Málaga",0,43420,8403,13616,1142,5787,13228,935,7335,1458,3559,30907
202201,"2022","14","Murcia, Región de","30","Murcia",0,71454,4372,42498,1818,2737,18762,1226,35715,6357,2380,26979
202202,"2022","14","Murcia, Región de","30","Murcia",0,69966,6007,38801,2770,3884,16768,1680,31919,6067,2733,29220
202203,"2022","14","Murcia, Región de","30","Murcia",0,80874,9328,39610,5305,6058,16889,3642,38218,6759,3365,32516
202204,"2022","14","Murcia, Región de","30","Murcia",0,69155,19086,20345,5160,10421,10511,3602,28411,5576,2640,32511
202205,"2022","14","Murcia, Región de","30","Murcia",0,79159,21666,24092,2892,13173,15383,1924,36212,6298,2747,33881
202206,"2022","14","Murcia, Región de","30","Murcia",0,70896,20366,21992,2804,11235,12584,1855,27751,6769,2706,33645
202207,"2022","14","Murcia, Región de","30","Murcia",0,66182,17424,18961,2314,11477,14544,1410,22102,7699,2566,33793
202208,"2022","14","Murcia, Región de","30","Murcia",0,43614,11655,13212,1371,7026,9343,922,13763,4728,1754,23344
202209,"2022","14","Murcia, Región de","30","Murcia",0,54379,17430,12930,1734,11391,9379,1448,14163,5953,2915,31315
202210,"2022","14","Murcia, Región de","30","Murcia",0,61171,23137,14872,1362,11151,9588,987,23334,5608,2548,29665
202211,"2022","14","Murcia, Región de","30","Murcia",0,57915,21297,14923,1067,9808,10087,646,24671,4813,2681,25728
202212,"2022","14","Murcia, Región de","30","Murcia",0,42065,13299,11698,856,6969,8489,671,15992,3309,1459,21271
202201,"2022","15","Navarra, Comunidad Foral de","31","Navarra",0,29639,801,12496,458,632,14265,380,1060,10373,630,17286
202202,"2022","15","Navarra, Comunidad Foral de","31","Navarra",0,24195,974,10747,469,804,10155,415,1215,8189,667,13854
202203,"2022","15","Navarra, Comunidad Foral de","31","Navarra",0,29022,1377,11505,925,1387,12452,731,1484,7888,710,18645
202204,"2022","15","Navarra, Comunidad Foral de","31","Navarra",0,24340,2428,8404,828,2379,8899,728,1093,7924,521,14504
202205,"2022","15","Navarra, Comunidad Foral de","31","Navarra",0,27964,2888,10085,846,2313,10463,677,2241,7654,617,17163
202206,"2022","15","Navarra, Comunidad Foral de","31","Navarra",0,32254,3280,11922,975,2648,11858,779,1728,8474,708,20997
202207,"2022","15","Navarra, Comunidad Foral de","31","Navarra",0,27726,2588,9910,736,2030,11209,527,1057,7245,551,18574
202208,"2022","15","Navarra, Comunidad Foral de","31","Navarra",0,26650,2835,10290,555,2020,9995,334,1723,7974,492,16210
202209,"2022","15","Navarra, Comunidad Foral de","31","Navarra",0,36355,3871,12576,623,3488,14564,570,2250,8427,607,24784
202210,"2022","15","Navarra, Comunidad Foral de","31","Navarra",0,28409,3243,9157,456,2926,11661,359,1130,7866,451,18685
202211,"2022","15","Navarra, Comunidad Foral de","31","Navarra",0,23985,2586,8271,482,2201,9599,280,1254,7533,428,14503
202212,"2022","15","Navarra, Comunidad Foral de","31","Navarra",0,22096,1599,7211,373,1546,10459,276,862,5970,207,14783
202201,"2022","12","Galicia","32","Ourense",0,5587,294,2056,202,221,2308,151,103,1259,210,3807
202202,"2022","12","Galicia","32","Ourense",0,5006,344,1730,203,327,1885,153,138,943,182,3555
202203,"2022","12","Galicia","32","Ourense",0,5198,465,1610,337,463,1638,276,90,915,262,3741
202204,"2022","12","Galicia","32","Ourense",0,4602,677,1089,381,565,1110,351,101,802,261,3262
202205,"2022","12","Galicia","32","Ourense",0,5225,719,1455,298,660,1408,280,176,897,171,3812
202206,"2022","12","Galicia","32","Ourense",0,6196,813,1829,308,749,1760,302,138,1070,225,4566
202207,"2022","12","Galicia","32","Ourense",0,6780,785,2191,327,664,2123,230,213,1221,235,4913
202208,"2022","12","Galicia","32","Ourense",0,6175,591,2266,170,495,2183,161,167,952,149,4725
202209,"2022","12","Galicia","32","Ourense",0,7010,1025,2094,192,1118,1993,193,716,1376,206,4540
202210,"2022","12","Galicia","32","Ourense",0,5660,899,1484,167,930,1670,134,166,971,213,4113
202211,"2022","12","Galicia","32","Ourense",0,5379,740,1601,152,715,1711,125,123,1111,259,3723
202212,"2022","12","Galicia","32","Ourense",0,4378,568,1204,126,490,1579,126,40,739,138,3309
202201,"2022","03","Asturias, Principado de","33","Asturias",0,23342,970,9741,682,919,10061,656,173,3385,1067,18568
202202,"2022","03","Asturias, Principado de","33","Asturias",0,21113,1205,8679,662,1194,8442,646,151,2420,1184,17186
202203,"2022","03","Asturias, Principado de","33","Asturias",0,23810,1744,8628,1232,1875,8869,1176,235,2793,1215,19443
202204,"2022","03","Asturias, Principado de","33","Asturias",0,23951,3264,7285,1317,3315,7244,1270,202,2825,1238,19525
202205,"2022","03","Asturias, Principado de","33","Asturias",0,24634,3477,7959,1111,2966,7921,942,257,2835,1320,20083
202206,"2022","03","Asturias, Principado de","33","Asturias",0,28133,3942,8661,1190,3871,9196,1022,288,3028,1204,23499
202207,"2022","03","Asturias, Principado de","33","Asturias",0,28751,3838,9277,1020,3590,9889,854,457,3035,1126,24003
202208,"2022","03","Asturias, Principado de","33","Asturias",0,23092,3163,7597,629,2484,8394,548,265,2686,976,19009
202209,"2022","03","Asturias, Principado de","33","Asturias",0,23985,3811,6775,815,3581,8044,707,178,2387,1103,20164
202210,"2022","03","Asturias, Principado de","33","Asturias",0,23037,3509,6458,700,3848,7762,537,219,2370,1162,19138
202211,"2022","03","Asturias, Principado de","33","Asturias",0,19185,2743,5475,448,2745,7089,403,201,1966,894,15954
202212,"2022","03","Asturias, Principado de","33","Asturias",0,18979,1928,5989,499,1978,7974,365,105,1934,547,16283
202201,"2022","07","Castilla y León","34","Palencia",0,5977,120,2619,74,81,2844,59,10,3780,79,1989
202202,"2022","07","Castilla y León","34","Palencia",0,4584,131,1897,92,102,2009,130,100,2306,107,1958
202203,"2022","07","Castilla y León","34","Palencia",0,4450,171,1792,144,209,1728,204,25,1845,110,2362
202204,"2022","07","Castilla y León","34","Palencia",0,5224,284,1919,186,323,2076,179,68,2998,96,1948
202205,"2022","07","Castilla y León","34","Palencia",0,4971,390,1847,131,383,1810,144,68,2374,89,2308
202206,"2022","07","Castilla y León","34","Palencia",0,5521,457,2059,146,414,2061,123,100,2150,124,3022
202207,"2022","07","Castilla y León","34","Palencia",0,6727,454,2549,146,434,2701,135,109,2992,117,3354
202208,"2022","07","Castilla y León","34","Palencia",0,5317,275,2227,112,265,2173,76,23,2795,73,2341
202209,"2022","07","Castilla y León","34","Palencia",0,6349,491,2638,101,460,2320,104,80,3128,81,2964
202210,"2022","07","Castilla y León","34","Palencia",0,5531,402,2255,69,481,2020,83,112,2558,103,2652
202211,"2022","07","Castilla y León","34","Palencia",0,5546,478,2203,87,429,2072,69,28,3117,108,2184
202212,"2022","07","Castilla y León","34","Palencia",0,4448,243,1848,96,232,1808,71,30,2447,58,1844
202201,"2022","05","Canarias","35","Palmas, Las",0,29269,1936,11667,1219,1597,11780,1014,322,1248,2032,25593
202202,"2022","05","Canarias","35","Palmas, Las",0,29344,2716,10714,1648,1992,10824,1376,409,1051,2148,25672
202203,"2022","05","Canarias","35","Palmas, Las",0,38116,4224,12413,3060,3384,12273,2716,456,1286,2412,33900
202204,"2022","05","Canarias","35","Palmas, Las",0,31551,6395,7006,3248,4764,7419,2657,419,1054,2210,27812
202205,"2022","05","Canarias","35","Palmas, Las",0,32531,7093,8006,2193,4998,8349,1839,339,1040,2354,28739
202206,"2022","05","Canarias","35","Palmas, Las",0,34371,7692,8227,2084,5418,9307,1580,404,1229,2353,30321
202207,"2022","05","Canarias","35","Palmas, Las",0,36114,7986,8690,1911,5886,10089,1493,501,1245,2267,32045
202208,"2022","05","Canarias","35","Palmas, Las",0,32915,7185,8118,1599,5295,9360,1291,434,1072,1791,29552
202209,"2022","05","Canarias","35","Palmas, Las",0,34341,7610,7954,1470,6835,9130,1289,514,1187,1774,30798
202210,"2022","05","Canarias","35","Palmas, Las",0,36407,8192,9151,1173,6808,9986,1038,501,1067,1876,32905
202211,"2022","05","Canarias","35","Palmas, Las",0,35638,8088,8532,991,6773,10414,776,505,1092,1868,32108
202212,"2022","05","Canarias","35","Palmas, Las",0,27919,5611,7386,621,4841,8854,532,384,822,1085,25572
202201,"2022","12","Galicia","36","Pontevedra",0,29078,1386,13172,817,981,11825,679,703,8147,1194,18926
202202,"2022","12","Galicia","36","Pontevedra",0,26257,1702,11273,1252,1405,9413,1032,528,5790,1138,18663
202203,"2022","12","Galicia","36","Pontevedra",0,26928,2352,10033,1469,2005,9361,1520,635,4907,1178,20101
202204,"2022","12","Galicia","36","Pontevedra",0,24991,3768,7187,1922,3462,6961,1554,658,4874,1046,18306
202205,"2022","12","Galicia","36","Pontevedra",0,27066,4150,8889,1237,3435,8075,1099,586,4980,1026,20376
202206,"2022","12","Galicia","36","Pontevedra",0,32093,4479,11059,1283,4327,9675,1084,792,5978,1048,24182
202207,"2022","12","Galicia","36","Pontevedra",0,34526,5048,11552,1335,4720,10739,967,660,6538,1166,26048
202208,"2022","12","Galicia","36","Pontevedra",0,28046,3432,10849,914,2638,9340,684,621,4857,829,21637
202209,"2022","12","Galicia","36","Pontevedra",0,32475,3941,12205,885,4156,10232,903,3466,6804,884,21228
202210,"2022","12","Galicia","36","Pontevedra",0,26634,3620,9423,629,3538,8649,591,578,5038,858,20052
202211,"2022","12","Galicia","36","Pontevedra",0,24447,3119,9266,578,2881,7847,467,752,4800,780,17982
202212,"2022","12","Galicia","36","Pontevedra",0,19143,2095,7021,497,2014,6874,398,313,3872,424,14408
202201,"2022","07","Castilla y León","37","Salamanca",0,6789,373,2403,168,377,2885,153,68,873,224,5407
202202,"2022","07","Castilla y León","37","Salamanca",0,6564,414,2290,318,372,2526,268,39,632,363,5322
202203,"2022","07","Castilla y León","37","Salamanca",0,7160,576,2313,334,540,2563,396,80,570,335,5930
202204,"2022","07","Castilla y León","37","Salamanca",0,6536,888,1541,445,802,1997,365,42,624,342,5298
202205,"2022","07","Castilla y León","37","Salamanca",0,7456,1057,2183,237,900,2286,229,50,676,311,6164
202206,"2022","07","Castilla y León","37","Salamanca",0,9508,1258,2834,365,1012,3091,277,111,703,344,8116
202207,"2022","07","Castilla y León","37","Salamanca",0,9012,1056,2757,306,873,2990,288,263,561,364,7493
202208,"2022","07","Castilla y León","37","Salamanca",0,7589,858,2580,181,626,2655,177,208,593,274,6306
202209,"2022","07","Castilla y León","37","Salamanca",0,8842,1194,2696,250,1289,2698,223,153,741,262,7432
202210,"2022","07","Castilla y León","37","Salamanca",0,7375,1117,2011,110,1140,2362,147,60,659,276,6121
202211,"2022","07","Castilla y León","37","Salamanca",0,6252,863,1663,142,834,2249,107,50,648,224,5150
202212,"2022","07","Castilla y León","37","Salamanca",0,5616,583,1610,126,581,2222,117,48,555,123,4750
202201,"2022","05","Canarias","38","Santa Cruz de Tenerife",0,25690,1596,10229,906,1247,10646,879,767,1099,1647,22052
202202,"2022","05","Canarias","38","Santa Cruz de Tenerife",0,25804,2404,9240,1419,1942,9354,1263,1079,864,1813,21958
202203,"2022","05","Canarias","38","Santa Cruz de Tenerife",0,36681,3817,11926,2974,3105,12114,2629,1052,1036,2062,32416
202204,"2022","05","Canarias","38","Santa Cruz de Tenerife",0,29928,5435,6902,3190,4180,7471,2664,689,862,2067,26204
202205,"2022","05","Canarias","38","Santa Cruz de Tenerife",0,27192,5992,6372,1834,4375,6738,1751,519,879,2052,23623
202206,"2022","05","Canarias","38","Santa Cruz de Tenerife",0,32219,6948,8016,1746,5184,8825,1371,875,885,2314,28034
202207,"2022","05","Canarias","38","Santa Cruz de Tenerife",0,31429,6702,7952,1440,5002,9051,1179,1030,966,1977,27324
202208,"2022","05","Canarias","38","Santa Cruz de Tenerife",0,29923,5990,8243,1216,4372,9005,954,805,912,1757,26359
202209,"2022","05","Canarias","38","Santa Cruz de Tenerife",0,29908,6966,6648,1311,6275,7590,974,547,931,1793,26497
202210,"2022","05","Canarias","38","Santa Cruz de Tenerife",0,30683,6656,7812,816,5549,8945,750,912,882,1689,27074
202211,"2022","05","Canarias","38","Santa Cruz de Tenerife",0,29152,6433,7263,676,5259,8744,640,680,792,1574,25972
202212,"2022","05","Canarias","38","Santa Cruz de Tenerife",0,26926,4938,7535,470,4030,9365,432,900,663,957,24296
202201,"2022","06","Cantabria","39","Cantabria",0,17063,551,7640,409,640,7226,271,55,3988,634,12209
202202,"2022","06","Cantabria","39","Cantabria",0,14757,613,6489,404,687,5901,364,136,3240,633,10556
202203,"2022","06","Cantabria","39","Cantabria",0,17223,1116,6835,687,1137,6558,585,252,2943,720,13157
202204,"2022","06","Cantabria","39","Cantabria",0,18317,2144,5951,840,2376,5970,672,96,3938,638,13450
202205,"2022","06","Cantabria","39","Cantabria",0,18023,2205,6390,618,1932,6027,518,84,3627,657,13471
202206,"2022","06","Cantabria","39","Cantabria",0,20636,3017,6620,672,2953,6547,502,191,2928,719,16574
202207,"2022","06","Cantabria","39","Cantabria",0,22282,2641,7961,708,2691,7422,500,217,2853,640,18398
202208,"2022","06","Cantabria","39","Cantabria",0,17695,1786,7044,550,1718,5853,380,158,2579,568,14193
202209,"2022","06","Cantabria","39","Cantabria",0,17197,1996,6300,566,2019,5524,470,137,2566,608,13689
202210,"2022","06","Cantabria","39","Cantabria",0,16167,2014,5802,373,2064,5216,344,51,2603,662,12696
202211,"2022","06","Cantabria","39","Cantabria",0,13803,1632,5054,297,1548,4742,190,83,2025,581,10953
202212,"2022","06","Cantabria","39","Cantabria",0,13211,1020,5322,235,1022,5129,122,21,1778,327,10962
202201,"2022","07","Castilla y León","40","Segovia",0,4756,188,1826,91,153,2177,63,313,1264,135,2927
202202,"2022","07","Castilla y León","40","Segovia",0,4542,235,1671,115,212,1950,81,344,914,141,2977
202203,"2022","07","Castilla y León","40","Segovia",0,5449,345,1875,190,291,2185,186,253,1027,135,3852
202204,"2022","07","Castilla y León","40","Segovia",0,4557,534,1192,207,564,1457,189,186,1081,165,2952
202205,"2022","07","Castilla y León","40","Segovia",0,4993,750,1381,158,615,1586,94,487,980,192,3157
202206,"2022","07","Castilla y León","40","Segovia",0,6166,1066,1684,176,859,1816,105,972,971,142,3917
202207,"2022","07","Castilla y León","40","Segovia",0,6588,1093,1921,172,946,1922,141,1302,948,125,4021
202208,"2022","07","Castilla y León","40","Segovia",0,4657,677,1469,117,457,1435,83,487,940,95,2974
202209,"2022","07","Castilla y León","40","Segovia",0,5413,1015,1357,113,1047,1427,105,1033,998,112,3101
202210,"2022","07","Castilla y León","40","Segovia",0,5764,1092,1182,68,1495,1501,85,1832,771,107,2927
202211,"2022","07","Castilla y León","40","Segovia",0,4121,680,1043,66,717,1243,52,645,861,139,2344
202212,"2022","07","Castilla y León","40","Segovia",0,2876,339,869,72,311,1056,27,203,562,59,1981
202201,"2022","01","Andalucía","41","Sevilla",0,79870,3314,40603,1578,1876,30936,1246,19349,6397,7506,46524
202202,"2022","01","Andalucía","41","Sevilla",0,69954,3672,35263,1776,2429,25189,1306,16756,5070,6684,41345
202203,"2022","01","Andalucía","41","Sevilla",0,82523,5721,35424,3818,4053,29762,3465,15274,5677,8074,53397
202204,"2022","01","Andalucía","41","Sevilla",0,74278,14367,23573,4528,7831,20310,3485,13945,5474,7602,47132
202205,"2022","01","Andalucía","41","Sevilla",0,84975,15101,30016,2861,8228,26124,2443,18486,4994,6997,54413
202206,"2022","01","Andalucía","41","Sevilla",0,77810,14193,25806,3710,8217,23013,2666,13955,5274,6779,51682
202207,"2022","01","Andalucía","41","Sevilla",0,70146,13401,22910,3406,6734,21030,2431,9167,5719,6683,48469
202208,"2022","01","Andalucía","41","Sevilla",0,55577,12017,17949,2288,5564,15902,1579,8066,3906,6448,37041
202209,"2022","01","Andalucía","41","Sevilla",0,89741,20566,25949,2627,14540,23803,2039,22817,5355,7474,54000
202210,"2022","01","Andalucía","41","Sevilla",0,82723,17865,24588,2362,13055,22758,1910,20889,4571,6082,51088
202211,"2022","01","Andalucía","41","Sevilla",0,79239,17922,24083,1600,11655,22629,1175,21666,4215,6232,47012
202212,"2022","01","Andalucía","41","Sevilla",0,60596,12211,19498,1255,7293,19118,959,15855,3398,4613,36612
202201,"2022","07","Castilla y León","42","Soria",0,2310,106,951,53,66,948,62,60,748,89,1341
202202,"2022","07","Castilla y León","42","Soria",0,2347,137,843,114,115,951,91,53,633,126,1480
202203,"2022","07","Castilla y León","42","Soria",0,2558,143,870,156,185,846,166,99,648,89,1658
202204,"2022","07","Castilla y León","42","Soria",0,2521,314,687,217,280,769,110,120,737,84,1484
202205,"2022","07","Castilla y León","42","Soria",0,2759,456,711,106,344,844,106,133,559,115,1875
202206,"2022","07","Castilla y León","42","Soria",0,3280,527,1024,148,372,875,108,254,617,130,2163
202207,"2022","07","Castilla y León","42","Soria",0,3800,571,1269,116,504,1122,55,474,587,121,2547
202208,"2022","07","Castilla y León","42","Soria",0,2943,330,991,87,267,1003,48,107,449,96,2208
202209,"2022","07","Castilla y León","42","Soria",0,3601,478,1295,87,413,1061,60,607,626,115,2150
202210,"2022","07","Castilla y León","42","Soria",0,2342,366,690,56,318,692,34,311,438,94,1428
202211,"2022","07","Castilla y León","42","Soria",0,2092,339,544,83,266,651,62,188,401,137,1301
202212,"2022","07","Castilla y León","42","Soria",0,1600,265,443,26,186,546,35,97,271,110,1071
202201,"2022","09","Cataluña","43","Tarragona",0,23446,1190,10586,659,823,9070,530,753,5792,1245,15355
202202,"2022","09","Cataluña","43","Tarragona",0,20382,1951,7983,876,1529,6858,662,934,3917,1384,13845
202203,"2022","09","Cataluña","43","Tarragona",0,24280,3031,7883,1645,2637,7357,1140,672,4233,1740,17328
202204,"2022","09","Cataluña","43","Tarragona",0,25856,5604,6195,1312,4959,6251,1002,860,3823,1225,19665
202205,"2022","09","Cataluña","43","Tarragona",0,27471,6471,6960,1002,4914,6719,814,2265,3758,1311,19813
202206,"2022","09","Cataluña","43","Tarragona",0,30746,7109,7520,1131,5754,7876,743,1218,3790,1240,24193
202207,"2022","09","Cataluña","43","Tarragona",0,32005,6872,8111,1292,6124,8172,833,826,4060,1355,25478
202208,"2022","09","Cataluña","43","Tarragona",0,21425,4408,5876,801,3177,6059,541,698,3507,1013,15875
202209,"2022","09","Cataluña","43","Tarragona",0,25398,5241,6597,905,4806,6547,691,1173,4188,1453,18236
202210,"2022","09","Cataluña","43","Tarragona",0,24479,5627,6643,582,4198,6317,511,1825,3511,1364,17433
202211,"2022","09","Cataluña","43","Tarragona",0,21008,4772,5872,502,3112,5864,373,2176,3093,1084,14295
202212,"2022","09","Cataluña","43","Tarragona",0,15248,2955,4150,381,2130,4876,221,814,2275,629,11231
202201,"2022","02","Aragón","44","Teruel",0,2888,171,1210,68,67,1093,60,126,817,119,1705
202202,"2022","02","Aragón","44","Teruel",0,2964,195,1268,95,148,943,57,170,846,139,1654
202203,"2022","02","Aragón","44","Teruel",0,4146,334,1511,282,256,1260,152,160,694,197,2960
202204,"2022","02","Aragón","44","Teruel",0,2909,373,748,160,312,841,136,150,488,130,2017
202205,"2022","02","Aragón","44","Teruel",0,3194,459,980,161,377,775,143,283,683,158,1939
202206,"2022","02","Aragón","44","Teruel",0,4347,730,1259,172,448,1150,108,267,889,181,2802
202207,"2022","02","Aragón","44","Teruel",0,4076,555,1224,220,374,1164,84,289,770,226,2585
202208,"2022","02","Aragón","44","Teruel",0,3413,408,1202,115,269,1006,61,130,648,162,2352
202209,"2022","02","Aragón","44","Teruel",0,4054,619,1235,133,526,1090,81,145,779,181,2794
202210,"2022","02","Aragón","44","Teruel",0,3172,499,994,85,355,870,46,210,711,160,1915
202211,"2022","02","Aragón","44","Teruel",0,2630,403,786,89,286,740,47,155,705,139,1466
202212,"2022","02","Aragón","44","Teruel",0,2433,319,891,65,217,663,40,80,544,87,1629
202201,"2022","08","Castilla - La Mancha","45","Toledo",0,20768,949,9484,481,509,8293,313,1882,3504,1131,13815
202202,"2022","08","Castilla - La Mancha","45","Toledo",0,15858,1317,6520,698,781,5405,374,1345,2713,1175,10143
202203,"2022","08","Castilla - La Mancha","45","Toledo",0,17360,1774,5979,1102,1194,5759,701,688,2594,1139,12455
202204,"2022","08","Castilla - La Mancha","45","Toledo",0,14798,2701,3745,1275,1851,3803,693,597,2723,1134,9933
202205,"2022","08","Castilla - La Mancha","45","Toledo",0,17821,3492,5044,846,2218,5022,486,707,3163,1098,12440
202206,"2022","08","Castilla - La Mancha","45","Toledo",0,20667,4001,5758,955,2471,6164,472,621,3259,1316,15006
202207,"2022","08","Castilla - La Mancha","45","Toledo",0,20851,3212,6472,890,1863,7157,422,505,3308,1166,15396
202208,"2022","08","Castilla - La Mancha","45","Toledo",0,15310,2457,4951,517,1419,4952,297,552,3025,757,10576
202209,"2022","08","Castilla - La Mancha","45","Toledo",0,25186,7230,5957,657,4080,6224,366,6438,3508,1140,13786
202210,"2022","08","Castilla - La Mancha","45","Toledo",0,17607,3742,4755,392,2642,5123,259,1649,2796,793,11956
202211,"2022","08","Castilla - La Mancha","45","Toledo",0,16245,3679,4541,323,2129,4632,181,1820,2608,906,10437
202212,"2022","08","Castilla - La Mancha","45","Toledo",0,13190,2507,3909,263,1378,4215,178,1887,1829,444,8652
202201,"2022","10","Comunitat Valenciana","46","Valencia/Valéncia",0,94451,4487,48277,2326,3174,33586,1798,16318,15831,3499,58310
202202,"2022","10","Comunitat Valenciana","46","Valencia/Valéncia",0,84575,6230,37725,3715,4810,28132,3127,8864,13670,4122,57420
202203,"2022","10","Comunitat Valenciana","46","Valencia/Valéncia",0,96113,8624,39376,6039,7050,29096,5063,10689,14754,4361,65902
202204,"2022","10","Comunitat Valenciana","46","Valencia/Valéncia",0,79731,13949,25053,6159,9879,19483,4426,7494,13330,3893,54572
202205,"2022","10","Comunitat Valenciana","46","Valencia/Valéncia",0,93895,18017,29704,4775,13423,23431,3719,8020,13643,4421,67324
202206,"2022","10","Comunitat Valenciana","46","Valencia/Valéncia",0,98109,17825,30101,4470,14234,27118,3494,3367,13102,4269,76892
202207,"2022","10","Comunitat Valenciana","46","Valencia/Valéncia",0,91463,14682,29997,4241,11834,26544,3297,1850,12768,3900,72502
202208,"2022","10","Comunitat Valenciana","46","Valencia/Valéncia",0,57874,10684,17581,2852,7812,15993,2026,1376,9904,2566,43585
202209,"2022","10","Comunitat Valenciana","46","Valencia/Valéncia",0,82086,19652,20069,3368,16475,18762,2875,4687,12704,4423,59869
202210,"2022","10","Comunitat Valenciana","46","Valencia/Valéncia",0,86544,24591,20066,2449,17189,19441,1932,12308,11096,3548,59204
202211,"2022","10","Comunitat Valenciana","46","Valencia/Valéncia",0,79495,21608,19242,1954,14097,19994,1721,11874,11273,3273,52671
202212,"2022","10","Comunitat Valenciana","46","Valencia/Valéncia",0,61344,13840,15382,1815,9930,18142,1354,6053,8433,2095,44283
202201,"2022","07","Castilla y León","47","Valladolid",0,15411,758,6413,311,614,6690,301,873,3718,652,9947
202202,"2022","07","Castilla y León","47","Valladolid",0,13962,971,5250,532,824,5553,506,746,3000,785,9256
202203,"2022","07","Castilla y León","47","Valladolid",0,16076,1305,5284,922,1358,5817,905,551,3001,692,11556
202204,"2022","07","Castilla y León","47","Valladolid",0,13056,1750,3665,734,1726,4086,724,334,3430,506,8587
202205,"2022","07","Castilla y León","47","Valladolid",0,16131,2907,4447,590,2250,4888,615,1532,3050,595,10726
202206,"2022","07","Castilla y León","47","Valladolid",0,18344,2747,5741,608,2140,6028,603,1465,3484,665,12511
202207,"2022","07","Castilla y León","47","Valladolid",0,17014,2835,5199,638,1925,5312,605,1727,2907,653,11487
202208,"2022","07","Castilla y León","47","Valladolid",0,13660,2016,4581,437,1453,4387,373,923,2742,547,9241
202209,"2022","07","Castilla y León","47","Valladolid",0,18673,3306,5771,529,2897,5393,456,2071,3959,556,11875
202210,"2022","07","Castilla y León","47","Valladolid",0,15686,2726,4462,326,2675,4725,342,1007,3146,523,10768
202211,"2022","07","Castilla y León","47","Valladolid",0,13615,2006,4184,327,1778,4717,212,860,3127,457,8963
202212,"2022","07","Castilla y León","47","Valladolid",0,11188,1464,3406,274,1367,4185,215,530,2787,302,7432
202201,"2022","16","País Vasco","48","Bizkaia",0,36511,1444,15235,700,1390,16796,599,91,5235,1576,29456
202202,"2022","16","País Vasco","48","Bizkaia",0,32402,1850,13226,715,1884,13861,528,100,4218,1578,26352
202203,"2022","16","País Vasco","48","Bizkaia",0,36287,2572,13936,1170,2550,14627,1013,158,4654,1872,29406
202204,"2022","16","País Vasco","48","Bizkaia",0,27361,2902,9328,1270,2924,9460,1134,117,3945,1163,21994
202205,"2022","16","País Vasco","48","Bizkaia",0,33150,3892,11458,985,3250,12426,775,142,4553,1649,26663
202206,"2022","16","País Vasco","48","Bizkaia",0,38483,4000,13912,1539,3515,14107,1050,183,5272,1687,31165
202207,"2022","16","País Vasco","48","Bizkaia",0,34114,3053,12852,1255,3061,12699,830,77,4807,1309,27750
202208,"2022","16","País Vasco","48","Bizkaia",0,26942,2475,10243,768,2223,10329,521,90,3480,963,22255
202209,"2022","16","País Vasco","48","Bizkaia",0,37654,4873,11983,1110,5383,13221,725,331,4979,1508,30710
202210,"2022","16","País Vasco","48","Bizkaia",0,35926,4524,11387,751,5069,13324,513,159,4812,1338,29489
202211,"2022","16","País Vasco","48","Bizkaia",0,32571,3552,10951,581,3463,13307,399,176,4220,1210,26808
202212,"2022","16","País Vasco","48","Bizkaia",0,29907,2567,10073,535,2499,13538,382,107,3142,969,25560
202201,"2022","07","Castilla y León","49","Zamora",0,3368,122,1309,69,116,1490,58,162,1016,134,1924
202202,"2022","07","Castilla y León","49","Zamora",0,3313,179,1254,100,133,1277,94,147,858,203,1944
202203,"2022","07","Castilla y León","49","Zamora",0,3565,203,1216,146,235,1258,173,106,859,182,2257
202204,"2022","07","Castilla y León","49","Zamora",0,3548,334,1017,143,360,1217,133,45,860,157,2343
202205,"2022","07","Castilla y León","49","Zamora",0,4313,474,1344,97,417,1497,120,212,1160,201,2577
202206,"2022","07","Castilla y León","49","Zamora",0,4564,463,1391,97,445,1658,133,165,889,117,3207
202207,"2022","07","Castilla y León","49","Zamora",0,5601,456,1860,151,378,1959,113,297,1056,153,3858
202208,"2022","07","Castilla y León","49","Zamora",0,4244,363,1485,100,288,1556,105,104,945,126,2960
202209,"2022","07","Castilla y León","49","Zamora",0,5131,792,1666,96,532,1571,98,1002,986,135,2881
202210,"2022","07","Castilla y León","49","Zamora",0,4086,421,1282,54,413,1482,69,322,1080,117,2394
202211,"2022","07","Castilla y León","49","Zamora",0,3349,319,935,35,343,1308,83,45,1071,121,1990
202212,"2022","07","Castilla y León","49","Zamora",0,2734,217,817,59,218,1109,54,105,731,35,1784
202201,"2022","02","Aragón","50","Zaragoza",0,32665,1593,14235,862,1220,13573,756,1081,10216,1193,19958
202202,"2022","02","Aragón","50","Zaragoza",0,29900,2060,12565,1094,1669,11101,983,1224,7443,1331,19636
202203,"2022","02","Aragón","50","Zaragoza",0,33192,2715,12405,1981,2421,11270,1860,1410,7795,1522,22184
202204,"2022","02","Aragón","50","Zaragoza",0,28367,4401,8588,2160,3453,7747,1542,1360,6802,1341,18575
202205,"2022","02","Aragón","50","Zaragoza",0,35422,6988,10835,1371,4749,9852,1071,5249,7679,1381,20811
202206,"2022","02","Aragón","50","Zaragoza",0,42045,8216,13225,1561,5932,11195,1289,7760,8460,1419,24109
202207,"2022","02","Aragón","50","Zaragoza",0,34111,5646,11603,1623,3812,9556,1190,4044,7155,1612,20998
202208,"2022","02","Aragón","50","Zaragoza",0,30310,4538,11438,988,2932,9199,747,4088,6911,1063,17990
202209,"2022","02","Aragón","50","Zaragoza",0,40392,6870,13302,1105,6182,11444,947,3736,8236,1325,26828
202210,"2022","02","Aragón","50","Zaragoza",0,35140,5376,11805,759,4899,11141,579,1562,7177,1132,24997
202211,"2022","02","Aragón","50","Zaragoza",0,28865,4724,9022,613,4211,9334,488,1364,6434,1231,19579
202212,"2022","02","Aragón","50","Zaragoza",0,22593,3144,7335,568,2931,7684,462,897,4735,655,16089
202201,"2022","18","Ceuta","51","Ceuta",0,1432,128,422,53,82,695,52,7,18,59,1348
202202,"2022","18","Ceuta","51","Ceuta",0,1582,154,453,55,149,721,50,7,50,48,1477
202203,"2022","18","Ceuta","51","Ceuta",0,1234,158,320,126,126,385,119,11,39,66,1118
202204,"2022","18","Ceuta","51","Ceuta",0,1075,203,298,80,149,273,72,14,99,80,882
202205,"2022","18","Ceuta","51","Ceuta",0,1415,379,342,67,209,359,59,28,58,94,1235
202206,"2022","18","Ceuta","51","Ceuta",0,1572,406,397,79,262,361,67,9,82,88,1393
202207,"2022","18","Ceuta","51","Ceuta",0,1661,326,463,80,227,519,46,9,118,90,1444
202208,"2022","18","Ceuta","51","Ceuta",0,1345,239,440,55,146,428,37,5,58,70,1212
202209,"2022","18","Ceuta","51","Ceuta",0,1299,285,316,49,231,374,44,9,51,92,1147
202210,"2022","18","Ceuta","51","Ceuta",0,1241,257,316,38,223,356,51,20,42,77,1102
202211,"2022","18","Ceuta","51","Ceuta",0,1618,315,421,33,213,617,19,19,45,113,1441
202212,"2022","18","Ceuta","51","Ceuta",0,1471,180,414,31,151,674,21,9,20,46,1396
202201,"2022","19","Melilla","52","Melilla",0,2216,131,626,42,116,1253,48,0,78,163,1975
202202,"2022","19","Melilla","52","Melilla",0,1611,116,513,67,92,758,65,0,44,128,1439
202203,"2022","19","Melilla","52","Melilla",0,1980,215,544,119,148,802,152,0,41,151,1788
202204,"2022","19","Melilla","52","Melilla",0,1375,250,289,115,197,416,108,0,34,83,1258
202205,"2022","19","Melilla","52","Melilla",0,1571,345,317,84,209,548,68,8,47,142,1374
202206,"2022","19","Melilla","52","Melilla",0,1485,391,306,97,245,367,79,0,48,183,1254
202207,"2022","19","Melilla","52","Melilla",0,1871,334,380,68,275,761,53,0,40,168,1659
202208,"2022","19","Melilla","52","Melilla",0,1277,322,273,37,174,446,25,0,25,114,1138
202209,"2022","19","Melilla","52","Melilla",0,1889,466,347,53,384,610,29,0,50,95,1744
202210,"2022","19","Melilla","52","Melilla",0,1517,377,337,38,298,435,32,0,22,168,1327
202211,"2022","19","Melilla","52","Melilla",0,1240,334,224,36,243,388,15,0,30,117,1090
202212,"2022","19","Melilla","52","Melilla",0,1460,296,331,11,331,481,10,0,23,83,1354
